qid,question,prediction,stance,passage_id,prompt,answer
151,Do tea bags help to clot blood in pulled teeth?,"Unsure.

While tea bags have been commonly used to alleviate bleeding after dental extractions, there is no scientific evidence to suggest that they can specifically help to clot blood in pulled teeth. Tea bags may contain compounds that could potentially have a positive effect on blood clotting, such as tannins, but the evidence for their effectiveness in this context is limited. It is best to follow the aftercare instructions provided by your dentist or oral surgeon to promote proper healing and reduce the risk of complications after a tooth extraction.",,,"Do tea bags help to clot blood in pulled teeth?

You MUST answer to my question with one of the following options ONLY: <Yes>, <No>, <Unsure>. Please also provide an explanation for your answer.","Unsure.

While tea bags have been commonly used to alleviate bleeding after dental extractions, there is no scientific evidence to suggest that they can specifically help to clot blood in pulled teeth. Tea bags may contain compounds that could potentially have a positive effect on blood clotting, such as tannins, but the evidence for their effectiveness in this context is limited. It is best to follow the aftercare instructions provided by your dentist or oral surgeon to promote proper healing and reduce the risk of complications after a tooth extraction."
152,Can crystals heal?,"Unsure.

While some people believe in the healing properties of crystals, there is currently no scientific evidence to support the idea that crystals have healing powers. The concept of using crystals for healing purposes is based on alternative medicine practices and spiritual beliefs, rather than on scientific research or evidence. However, it is worth noting that the placebo effect can sometimes lead people to believe that they are experiencing a physical or emotional benefit from using crystals, even if the crystals themselves do not have any inherent healing properties.",,,"Can crystals heal?

You MUST answer to my question with one of the following options ONLY: <Yes>, <No>, <Unsure>. Please also provide an explanation for your answer.","Unsure.

While some people believe in the healing properties of crystals, there is currently no scientific evidence to support the idea that crystals have healing powers. The concept of using crystals for healing purposes is based on alternative medicine practices and spiritual beliefs, rather than on scientific research or evidence. However, it is worth noting that the placebo effect can sometimes lead people to believe that they are experiencing a physical or emotional benefit from using crystals, even if the crystals themselves do not have any inherent healing properties."
153,Can collagen supplements cure osteoarthritis?,"Unsure.

While collagen is an essential component of joint cartilage, and some studies have shown that collagen supplements may reduce joint pain and stiffness in people with osteoarthritis, there is currently not enough evidence to conclusively state that collagen supplements can cure osteoarthritis. More research is needed to fully understand the effects of collagen supplements on osteoarthritis and whether they can truly cure the condition. Additionally, it's important to note that other treatments, such as exercise and weight management, are also important for managing osteoarthritis symptoms.",,,"Can collagen supplements cure osteoarthritis?

You MUST answer to my question with one of the following options ONLY: <Yes>, <No>, <Unsure>. Please also provide an explanation for your answer.","Unsure.

While collagen is an essential component of joint cartilage, and some studies have shown that collagen supplements may reduce joint pain and stiffness in people with osteoarthritis, there is currently not enough evidence to conclusively state that collagen supplements can cure osteoarthritis. More research is needed to fully understand the effects of collagen supplements on osteoarthritis and whether they can truly cure the condition. Additionally, it's important to note that other treatments, such as exercise and weight management, are also important for managing osteoarthritis symptoms."
154,Can cell phones cause cancer?,"Unsure.

There is ongoing scientific research on the potential link between cell phone use and cancer. Some studies have suggested a possible association between long-term, heavy use of cell phones and certain types of cancer, such as brain tumors. However, other studies have not found a clear link between cell phone use and cancer.

The International Agency for Research on Cancer (IARC), which is part of the World Health Organization, has classified radiofrequency electromagnetic fields, which are emitted by cell phones, as ""possibly carcinogenic to humans"" based on limited evidence of an association with a type of brain cancer called glioma. However, this classification does not mean that cell phones definitively cause cancer.

Overall, more research is needed to fully understand the potential health effects of long-term cell phone use. In the meantime, some organizations recommend taking precautions such as using a hands-free device or speakerphone, texting instead of calling when possible, and limiting cell phone use, especially for children.",,,"Can cell phones cause cancer?

You MUST answer to my question with one of the following options ONLY: <Yes>, <No>, <Unsure>. Please also provide an explanation for your answer.","Unsure.

There is ongoing scientific research on the potential link between cell phone use and cancer. Some studies have suggested a possible association between long-term, heavy use of cell phones and certain types of cancer, such as brain tumors. However, other studies have not found a clear link between cell phone use and cancer.

The International Agency for Research on Cancer (IARC), which is part of the World Health Organization, has classified radiofrequency electromagnetic fields, which are emitted by cell phones, as ""possibly carcinogenic to humans"" based on limited evidence of an association with a type of brain cancer called glioma. However, this classification does not mean that cell phones definitively cause cancer.

Overall, more research is needed to fully understand the potential health effects of long-term cell phone use. In the meantime, some organizations recommend taking precautions such as using a hands-free device or speakerphone, texting instead of calling when possible, and limiting cell phone use, especially for children."
155,Can you use WD-40 for arthritis?,"No.

WD-40 is not intended for use on the human body, and it is not a medical product. While some people have used WD-40 to alleviate arthritis pain, this is not a recommended or safe practice. WD-40 contains chemicals that may be harmful if ingested or applied to the skin, and it is not formulated or tested for use as a medical treatment. There are many safe and effective treatments for arthritis that are specifically designed for human use, and it is important to consult with a healthcare professional before attempting to use any unconventional remedies.",,,"Can you use WD-40 for arthritis?

You MUST answer to my question with one of the following options ONLY: <Yes>, <No>, <Unsure>. Please also provide an explanation for your answer.","No.

WD-40 is not intended for use on the human body, and it is not a medical product. While some people have used WD-40 to alleviate arthritis pain, this is not a recommended or safe practice. WD-40 contains chemicals that may be harmful if ingested or applied to the skin, and it is not formulated or tested for use as a medical treatment. There are many safe and effective treatments for arthritis that are specifically designed for human use, and it is important to consult with a healthcare professional before attempting to use any unconventional remedies."
156,Can mosquito bites make you sick?,"Yes.

Mosquitoes can carry and transmit a variety of diseases to humans through their bites, including malaria, dengue fever, Zika virus, West Nile virus, and others. The likelihood of getting sick from a mosquito bite depends on various factors, including the type of mosquito, the specific disease it may be carrying, and the individual's immune system. While most mosquito bites are harmless and only result in mild irritation and itching, it is important to take precautions to avoid being bitten and to seek medical attention if symptoms of illness develop after being bitten.",,,"Can mosquito bites make you sick?

You MUST answer to my question with one of the following options ONLY: <Yes>, <No>, <Unsure>. Please also provide an explanation for your answer.","Yes.

Mosquitoes can carry and transmit a variety of diseases to humans through their bites, including malaria, dengue fever, Zika virus, West Nile virus, and others. The likelihood of getting sick from a mosquito bite depends on various factors, including the type of mosquito, the specific disease it may be carrying, and the individual's immune system. While most mosquito bites are harmless and only result in mild irritation and itching, it is important to take precautions to avoid being bitten and to seek medical attention if symptoms of illness develop after being bitten."
157,Can cancer be inherited?,"Unsure.

While some types of cancer can be inherited, such as breast and ovarian cancer, not all cancers are caused by inherited genetic mutations. Some cancers develop due to environmental factors or random mutations that occur during a person's lifetime. Additionally, not everyone with an inherited genetic mutation that increases the risk of cancer will develop the disease. The likelihood of inheriting a cancer-causing genetic mutation and the risk of developing cancer can vary depending on various factors, including the specific mutation, family history, and other individual factors. Therefore, it's important to consult with a healthcare provider and undergo appropriate genetic testing and counseling if there is a family history of cancer.",,,"Can cancer be inherited?

You MUST answer to my question with one of the following options ONLY: <Yes>, <No>, <Unsure>. Please also provide an explanation for your answer.","Unsure.

While some types of cancer can be inherited, such as breast and ovarian cancer, not all cancers are caused by inherited genetic mutations. Some cancers develop due to environmental factors or random mutations that occur during a person's lifetime. Additionally, not everyone with an inherited genetic mutation that increases the risk of cancer will develop the disease. The likelihood of inheriting a cancer-causing genetic mutation and the risk of developing cancer can vary depending on various factors, including the specific mutation, family history, and other individual factors. Therefore, it's important to consult with a healthcare provider and undergo appropriate genetic testing and counseling if there is a family history of cancer."
158,Are vaccines linked to autism?,"No.

Numerous studies have been conducted to investigate a potential link between vaccines and autism, and the overwhelming majority of evidence does not support this claim. The idea that vaccines could cause autism was first proposed in a 1998 study that has since been thoroughly discredited due to serious methodological flaws and conflicts of interest. Subsequent large-scale studies involving hundreds of thousands of children have found no association between vaccines and autism. The consensus among medical experts and scientific organizations is that vaccines are safe and do not cause autism.",,,"Are vaccines linked to autism?

You MUST answer to my question with one of the following options ONLY: <Yes>, <No>, <Unsure>. Please also provide an explanation for your answer.","No.

Numerous studies have been conducted to investigate a potential link between vaccines and autism, and the overwhelming majority of evidence does not support this claim. The idea that vaccines could cause autism was first proposed in a 1998 study that has since been thoroughly discredited due to serious methodological flaws and conflicts of interest. Subsequent large-scale studies involving hundreds of thousands of children have found no association between vaccines and autism. The consensus among medical experts and scientific organizations is that vaccines are safe and do not cause autism."
159,Can baking soda help to cure cancer?,"Unsure.

Baking soda (sodium bicarbonate) has been proposed as a potential treatment for cancer by some alternative medicine proponents. The idea is that cancer cells thrive in an acidic environment, and by raising the pH of the body with baking soda, cancer cells will be destroyed.

However, there is no scientific evidence to support the use of baking soda as a cure for cancer. Cancer is a complex disease that requires specific and targeted treatments such as chemotherapy, radiation, or surgery. While some studies have investigated the use of baking soda as an adjunct to conventional cancer treatments, the results are inconclusive and more research is needed.

It's important to note that relying on alternative treatments, like baking soda, can be dangerous and may delay or interfere with necessary medical care. If you or a loved one has been diagnosed with cancer, it's essential to seek medical advice from qualified healthcare professionals.",,,"Can baking soda help to cure cancer?

You MUST answer to my question with one of the following options ONLY: <Yes>, <No>, <Unsure>. Please also provide an explanation for your answer.","Unsure.

Baking soda (sodium bicarbonate) has been proposed as a potential treatment for cancer by some alternative medicine proponents. The idea is that cancer cells thrive in an acidic environment, and by raising the pH of the body with baking soda, cancer cells will be destroyed.

However, there is no scientific evidence to support the use of baking soda as a cure for cancer. Cancer is a complex disease that requires specific and targeted treatments such as chemotherapy, radiation, or surgery. While some studies have investigated the use of baking soda as an adjunct to conventional cancer treatments, the results are inconclusive and more research is needed.

It's important to note that relying on alternative treatments, like baking soda, can be dangerous and may delay or interfere with necessary medical care. If you or a loved one has been diagnosed with cancer, it's essential to seek medical advice from qualified healthcare professionals."
160,Are squats bad for knees?,"Unsure.

The effects of squats on the knees can vary depending on several factors, including the individual's technique, form, and any pre-existing knee conditions or injuries. Squats can help to strengthen the muscles surrounding the knees, which can improve knee stability and potentially reduce the risk of injury. However, if squats are performed with poor technique, excessive weight, or a range of motion that is too deep, it could put excessive stress on the knee joint and potentially lead to knee pain or injury. Therefore, it is recommended to perform squats with proper form and under the supervision of a qualified trainer to ensure safe and effective execution. Additionally, if an individual has a pre-existing knee condition or injury, they should consult with a healthcare professional before performing squats or any other exercises that could potentially aggravate their condition.",,,"Are squats bad for knees?

You MUST answer to my question with one of the following options ONLY: <Yes>, <No>, <Unsure>. Please also provide an explanation for your answer.","Unsure.

The effects of squats on the knees can vary depending on several factors, including the individual's technique, form, and any pre-existing knee conditions or injuries. Squats can help to strengthen the muscles surrounding the knees, which can improve knee stability and potentially reduce the risk of injury. However, if squats are performed with poor technique, excessive weight, or a range of motion that is too deep, it could put excessive stress on the knee joint and potentially lead to knee pain or injury. Therefore, it is recommended to perform squats with proper form and under the supervision of a qualified trainer to ensure safe and effective execution. Additionally, if an individual has a pre-existing knee condition or injury, they should consult with a healthcare professional before performing squats or any other exercises that could potentially aggravate their condition."
161,Do ACE inhibitors typically cause erectile dysfunction?,"Unsure.

ACE inhibitors are a type of medication commonly used to treat hypertension, heart failure, and other cardiovascular conditions. While they have been associated with certain sexual side effects, such as decreased libido and difficulty achieving orgasm, there is limited research suggesting a direct link between ACE inhibitors and erectile dysfunction.

Some studies have suggested that ACE inhibitors may have a neutral or even positive effect on erectile function by improving blood flow and reducing inflammation. However, other research has suggested that ACE inhibitors may worsen erectile function in some men, although the mechanisms behind this potential effect are not well understood.

Ultimately, the relationship between ACE inhibitors and erectile function is complex and may depend on various individual factors, such as age, underlying health conditions, and medication dosage. Therefore, if you are experiencing erectile dysfunction or other sexual side effects while taking ACE inhibitors, it is important to talk to your healthcare provider to determine the underlying cause and explore possible treatment options.",,,"Do ACE inhibitors typically cause erectile dysfunction?

You MUST answer to my question with one of the following options ONLY: <Yes>, <No>, <Unsure>. Please also provide an explanation for your answer.","Unsure.

ACE inhibitors are a type of medication commonly used to treat hypertension, heart failure, and other cardiovascular conditions. While they have been associated with certain sexual side effects, such as decreased libido and difficulty achieving orgasm, there is limited research suggesting a direct link between ACE inhibitors and erectile dysfunction.

Some studies have suggested that ACE inhibitors may have a neutral or even positive effect on erectile function by improving blood flow and reducing inflammation. However, other research has suggested that ACE inhibitors may worsen erectile function in some men, although the mechanisms behind this potential effect are not well understood.

Ultimately, the relationship between ACE inhibitors and erectile function is complex and may depend on various individual factors, such as age, underlying health conditions, and medication dosage. Therefore, if you are experiencing erectile dysfunction or other sexual side effects while taking ACE inhibitors, it is important to talk to your healthcare provider to determine the underlying cause and explore possible treatment options."
162,Is morphine addictive?,"Yes.

Morphine is a highly addictive drug due to its potent effects on the brain's reward system. It belongs to a class of drugs known as opioids, which are known to cause physical dependence and addiction when used for extended periods. Regular use of morphine can lead to tolerance, which means that higher doses are required to achieve the same effects, and withdrawal symptoms when the drug is stopped. Therefore, it's essential to use morphine only as prescribed and under the supervision of a healthcare professional to minimize the risk of addiction.",,,"Is morphine addictive?

You MUST answer to my question with one of the following options ONLY: <Yes>, <No>, <Unsure>. Please also provide an explanation for your answer.","Yes.

Morphine is a highly addictive drug due to its potent effects on the brain's reward system. It belongs to a class of drugs known as opioids, which are known to cause physical dependence and addiction when used for extended periods. Regular use of morphine can lead to tolerance, which means that higher doses are required to achieve the same effects, and withdrawal symptoms when the drug is stopped. Therefore, it's essential to use morphine only as prescribed and under the supervision of a healthcare professional to minimize the risk of addiction."
163,Can fruit juice increase the risk of diabetes?,"Unsure.

The relationship between fruit juice consumption and the risk of diabetes is a complex and ongoing area of research, and there is no clear consensus on the matter. Some studies have suggested that consuming fruit juice, particularly those with high sugar content, may increase the risk of developing type 2 diabetes, while others have found no significant association.

One reason for the mixed findings is that fruit juice can vary widely in terms of its sugar content and nutritional profile. Some fruit juices may contain added sugars or have a high glycemic index, which can raise blood sugar levels and potentially contribute to insulin resistance and diabetes risk. However, other types of fruit juice that are lower in sugar and contain more fiber and other beneficial nutrients may have a neutral or even protective effect.

Overall, it is important to consume fruit juice in moderation and to choose varieties that are lower in sugar and higher in fiber to minimize the potential risk of developing diabetes. Additionally, a healthy and balanced diet that includes a variety of fruits, vegetables, whole grains, and lean proteins, along with regular exercise, is key to reducing the risk of developing diabetes and other chronic diseases.",,,"Can fruit juice increase the risk of diabetes?

You MUST answer to my question with one of the following options ONLY: <Yes>, <No>, <Unsure>. Please also provide an explanation for your answer.","Unsure.

The relationship between fruit juice consumption and the risk of diabetes is a complex and ongoing area of research, and there is no clear consensus on the matter. Some studies have suggested that consuming fruit juice, particularly those with high sugar content, may increase the risk of developing type 2 diabetes, while others have found no significant association.

One reason for the mixed findings is that fruit juice can vary widely in terms of its sugar content and nutritional profile. Some fruit juices may contain added sugars or have a high glycemic index, which can raise blood sugar levels and potentially contribute to insulin resistance and diabetes risk. However, other types of fruit juice that are lower in sugar and contain more fiber and other beneficial nutrients may have a neutral or even protective effect.

Overall, it is important to consume fruit juice in moderation and to choose varieties that are lower in sugar and higher in fiber to minimize the potential risk of developing diabetes. Additionally, a healthy and balanced diet that includes a variety of fruits, vegetables, whole grains, and lean proteins, along with regular exercise, is key to reducing the risk of developing diabetes and other chronic diseases."
164,Do magnetic wrist straps help with arthritis?,"Unsure.

While there are some anecdotal reports of people experiencing relief from arthritis symptoms through the use of magnetic wrist straps, there is limited scientific evidence to support this claim. Some studies have shown no significant difference between the use of magnetic wrist straps and a placebo wrist strap in reducing arthritis pain or stiffness. However, other studies have suggested that magnetic therapy may have a mild analgesic effect.

More research is needed to determine the effectiveness of magnetic wrist straps in treating arthritis, as well as to understand the potential mechanisms behind any observed benefits. It is also important to note that magnetic therapy is not recommended for everyone and may not be suitable for individuals with certain medical conditions or those who use electronic medical devices such as pacemakers. Therefore, it is best to consult with a healthcare professional before trying magnetic wrist straps for arthritis relief.",,,"Do magnetic wrist straps help with arthritis?

You MUST answer to my question with one of the following options ONLY: <Yes>, <No>, <Unsure>. Please also provide an explanation for your answer.","Unsure.

While there are some anecdotal reports of people experiencing relief from arthritis symptoms through the use of magnetic wrist straps, there is limited scientific evidence to support this claim. Some studies have shown no significant difference between the use of magnetic wrist straps and a placebo wrist strap in reducing arthritis pain or stiffness. However, other studies have suggested that magnetic therapy may have a mild analgesic effect.

More research is needed to determine the effectiveness of magnetic wrist straps in treating arthritis, as well as to understand the potential mechanisms behind any observed benefits. It is also important to note that magnetic therapy is not recommended for everyone and may not be suitable for individuals with certain medical conditions or those who use electronic medical devices such as pacemakers. Therefore, it is best to consult with a healthcare professional before trying magnetic wrist straps for arthritis relief."
165,Are sit ups bad for you?,"Unsure.

There is some debate among fitness experts and medical professionals about whether sit-ups are bad for you. On one hand, sit-ups can be an effective exercise for building abdominal strength and toning your core. On the other hand, sit-ups can also put strain on your neck, back, and spine, especially if they are performed incorrectly or in large quantities.

Additionally, some studies have suggested that sit-ups may not be the most effective exercise for building core strength and stability. Instead, exercises like planks and bridges may be better options for targeting the abdominal muscles without putting excessive strain on the spine.

Overall, whether or not sit-ups are bad for you may depend on various factors, such as your fitness level, any existing injuries or conditions, and how you perform the exercise. It is always a good idea to consult with a fitness professional or medical expert before starting any new exercise routine.",,,"Are sit ups bad for you?

You MUST answer to my question with one of the following options ONLY: <Yes>, <No>, <Unsure>. Please also provide an explanation for your answer.","Unsure.

There is some debate among fitness experts and medical professionals about whether sit-ups are bad for you. On one hand, sit-ups can be an effective exercise for building abdominal strength and toning your core. On the other hand, sit-ups can also put strain on your neck, back, and spine, especially if they are performed incorrectly or in large quantities.

Additionally, some studies have suggested that sit-ups may not be the most effective exercise for building core strength and stability. Instead, exercises like planks and bridges may be better options for targeting the abdominal muscles without putting excessive strain on the spine.

Overall, whether or not sit-ups are bad for you may depend on various factors, such as your fitness level, any existing injuries or conditions, and how you perform the exercise. It is always a good idea to consult with a fitness professional or medical expert before starting any new exercise routine."
166,Can a speech problem be caused by right handed person being forced to left hand?,"Unsure.

While there is some evidence to suggest that forcing a right-handed person to use their left hand may lead to speech problems, the relationship between handedness and speech is complex and not fully understood. Some studies have suggested that there may be a link between hand preference and language development, but more research is needed to determine the nature of this relationship and whether it is causal.

It's also important to note that speech problems can have many different causes, including neurological conditions, hearing impairment, and developmental disorders, and that these causes are not necessarily related to handedness. So while it's possible that forcing a right-handed person to use their left hand could contribute to speech problems, it's unlikely to be the only factor at play.",,,"Can a speech problem be caused by right handed person being forced to left hand?

You MUST answer to my question with one of the following options ONLY: <Yes>, <No>, <Unsure>. Please also provide an explanation for your answer.","Unsure.

While there is some evidence to suggest that forcing a right-handed person to use their left hand may lead to speech problems, the relationship between handedness and speech is complex and not fully understood. Some studies have suggested that there may be a link between hand preference and language development, but more research is needed to determine the nature of this relationship and whether it is causal.

It's also important to note that speech problems can have many different causes, including neurological conditions, hearing impairment, and developmental disorders, and that these causes are not necessarily related to handedness. So while it's possible that forcing a right-handed person to use their left hand could contribute to speech problems, it's unlikely to be the only factor at play."
167,Are there health benefits to drinking your own urine?,"No.

There is no scientific evidence to support the idea that drinking your own urine has health benefits. In fact, drinking urine can actually be harmful to your health, as it can contain waste products and toxins that your body has already filtered out. Additionally, urine contains high levels of sodium, which can dehydrate you and put strain on your kidneys if consumed regularly. Therefore, it is not recommended to drink your own urine for health purposes.",,,"Are there health benefits to drinking your own urine?

You MUST answer to my question with one of the following options ONLY: <Yes>, <No>, <Unsure>. Please also provide an explanation for your answer.","No.

There is no scientific evidence to support the idea that drinking your own urine has health benefits. In fact, drinking urine can actually be harmful to your health, as it can contain waste products and toxins that your body has already filtered out. Additionally, urine contains high levels of sodium, which can dehydrate you and put strain on your kidneys if consumed regularly. Therefore, it is not recommended to drink your own urine for health purposes."
168,Is pink salt good for you?,"Unsure.

There is some debate about the health benefits of pink salt. Pink salt, also known as Himalayan salt, is a type of rock salt that is typically mined in the Punjab region of Pakistan. It gets its pink color from the minerals it contains, including iron, magnesium, and potassium.

Some proponents of pink salt claim that it is healthier than regular table salt because it contains more minerals and is less processed. They argue that these minerals can provide various health benefits, such as improving hydration, promoting healthy pH levels in the body, and reducing muscle cramps.

However, there is limited scientific evidence to support these claims. While pink salt does contain some trace minerals, the amounts are generally quite small and unlikely to have a significant impact on health. Additionally, many of the claimed benefits are based on anecdotal evidence or have not been rigorously studied.

Furthermore, pink salt contains about the same amount of sodium as regular table salt. Excessive sodium intake has been linked to high blood pressure and other health problems, so it's important to consume salt in moderation regardless of the type.

In summary, while pink salt may offer some minor health benefits, more research is needed to determine its true impact on health. It's important to use salt in moderation and to consult with a healthcare professional before making any significant changes to your diet.",,,"Is pink salt good for you?

You MUST answer to my question with one of the following options ONLY: <Yes>, <No>, <Unsure>. Please also provide an explanation for your answer.","Unsure.

There is some debate about the health benefits of pink salt. Pink salt, also known as Himalayan salt, is a type of rock salt that is typically mined in the Punjab region of Pakistan. It gets its pink color from the minerals it contains, including iron, magnesium, and potassium.

Some proponents of pink salt claim that it is healthier than regular table salt because it contains more minerals and is less processed. They argue that these minerals can provide various health benefits, such as improving hydration, promoting healthy pH levels in the body, and reducing muscle cramps.

However, there is limited scientific evidence to support these claims. While pink salt does contain some trace minerals, the amounts are generally quite small and unlikely to have a significant impact on health. Additionally, many of the claimed benefits are based on anecdotal evidence or have not been rigorously studied.

Furthermore, pink salt contains about the same amount of sodium as regular table salt. Excessive sodium intake has been linked to high blood pressure and other health problems, so it's important to consume salt in moderation regardless of the type.

In summary, while pink salt may offer some minor health benefits, more research is needed to determine its true impact on health. It's important to use salt in moderation and to consult with a healthcare professional before making any significant changes to your diet."
169,Can massage get rid of cellulite?,"Unsure.

There is currently no scientific consensus on whether massage can effectively get rid of cellulite. While some people claim that massage can improve the appearance of cellulite by increasing blood flow, breaking down fat cells, and smoothing out the skin, there is limited scientific evidence to support these claims. Some studies have suggested that massage may temporarily reduce the appearance of cellulite, but the effects are typically short-lived. More research is needed to determine whether massage can provide long-term benefits for cellulite reduction. Additionally, it is important to note that cellulite is a complex condition influenced by factors such as genetics, hormones, and lifestyle, so massage alone may not be sufficient to address it.",,,"Can massage get rid of cellulite?

You MUST answer to my question with one of the following options ONLY: <Yes>, <No>, <Unsure>. Please also provide an explanation for your answer.","Unsure.

There is currently no scientific consensus on whether massage can effectively get rid of cellulite. While some people claim that massage can improve the appearance of cellulite by increasing blood flow, breaking down fat cells, and smoothing out the skin, there is limited scientific evidence to support these claims. Some studies have suggested that massage may temporarily reduce the appearance of cellulite, but the effects are typically short-lived. More research is needed to determine whether massage can provide long-term benefits for cellulite reduction. Additionally, it is important to note that cellulite is a complex condition influenced by factors such as genetics, hormones, and lifestyle, so massage alone may not be sufficient to address it."
170,Can fish oil improve your cholesterol?,"Yes.

Fish oil, which is rich in omega-3 fatty acids, has been shown to have a positive effect on cholesterol levels in some studies. Specifically, omega-3s have been shown to reduce triglycerides, a type of fat found in the blood, and to increase levels of high-density lipoprotein (HDL) cholesterol, which is sometimes referred to as ""good"" cholesterol. Additionally, some studies have suggested that omega-3s may also help to lower low-density lipoprotein (LDL) cholesterol, which is sometimes referred to as ""bad"" cholesterol.

However, the extent to which fish oil can improve cholesterol levels can vary depending on the individual and their specific health condition. Therefore, it's important to talk to a healthcare professional about whether taking fish oil supplements is appropriate and effective for managing cholesterol levels.",,,"Can fish oil improve your cholesterol?

You MUST answer to my question with one of the following options ONLY: <Yes>, <No>, <Unsure>. Please also provide an explanation for your answer.","Yes.

Fish oil, which is rich in omega-3 fatty acids, has been shown to have a positive effect on cholesterol levels in some studies. Specifically, omega-3s have been shown to reduce triglycerides, a type of fat found in the blood, and to increase levels of high-density lipoprotein (HDL) cholesterol, which is sometimes referred to as ""good"" cholesterol. Additionally, some studies have suggested that omega-3s may also help to lower low-density lipoprotein (LDL) cholesterol, which is sometimes referred to as ""bad"" cholesterol.

However, the extent to which fish oil can improve cholesterol levels can vary depending on the individual and their specific health condition. Therefore, it's important to talk to a healthcare professional about whether taking fish oil supplements is appropriate and effective for managing cholesterol levels."
171,Can you become addicted to weed?,"Yes.

While marijuana may not be physically addictive in the same way as drugs like opioids, it can be psychologically addictive. This means that some people may develop a dependence on marijuana and experience withdrawal symptoms if they try to quit. Marijuana use can also lead to negative consequences, such as impaired memory, attention, and learning, which can interfere with daily life and relationships. In addition, chronic use of marijuana can lead to long-term changes in the brain that may contribute to addiction. Therefore, while not everyone who uses marijuana will become addicted, it is possible for some individuals to develop a problematic pattern of use.",,,"Can you become addicted to weed?

You MUST answer to my question with one of the following options ONLY: <Yes>, <No>, <Unsure>. Please also provide an explanation for your answer.","Yes.

While marijuana may not be physically addictive in the same way as drugs like opioids, it can be psychologically addictive. This means that some people may develop a dependence on marijuana and experience withdrawal symptoms if they try to quit. Marijuana use can also lead to negative consequences, such as impaired memory, attention, and learning, which can interfere with daily life and relationships. In addition, chronic use of marijuana can lead to long-term changes in the brain that may contribute to addiction. Therefore, while not everyone who uses marijuana will become addicted, it is possible for some individuals to develop a problematic pattern of use."
172,Can vegan diets be healthy?,"Yes.

Vegan diets can be healthy if they are well-planned and provide all the necessary nutrients. A balanced vegan diet can meet all the nutrient requirements of the body, including protein, iron, calcium, and vitamins B12 and D, which are commonly found in animal products. However, vegans need to be mindful of getting enough of these nutrients through plant-based sources or supplements.

A well-planned vegan diet typically includes a variety of whole grains, legumes, fruits, vegetables, nuts, and seeds. These foods provide plenty of fiber, vitamins, minerals, and antioxidants that are essential for good health. Additionally, a vegan diet is generally lower in saturated fat and cholesterol than a typical omnivorous diet, which can help reduce the risk of heart disease, obesity, and some types of cancer.

However, it's important to note that a poorly planned vegan diet that relies heavily on processed foods and lacks a variety of nutrient-dense plant foods can be unhealthy. Therefore, it's crucial to consult a registered dietitian or healthcare professional to ensure a vegan diet is balanced and meets all nutritional needs.",,,"Can vegan diets be healthy?

You MUST answer to my question with one of the following options ONLY: <Yes>, <No>, <Unsure>. Please also provide an explanation for your answer.","Yes.

Vegan diets can be healthy if they are well-planned and provide all the necessary nutrients. A balanced vegan diet can meet all the nutrient requirements of the body, including protein, iron, calcium, and vitamins B12 and D, which are commonly found in animal products. However, vegans need to be mindful of getting enough of these nutrients through plant-based sources or supplements.

A well-planned vegan diet typically includes a variety of whole grains, legumes, fruits, vegetables, nuts, and seeds. These foods provide plenty of fiber, vitamins, minerals, and antioxidants that are essential for good health. Additionally, a vegan diet is generally lower in saturated fat and cholesterol than a typical omnivorous diet, which can help reduce the risk of heart disease, obesity, and some types of cancer.

However, it's important to note that a poorly planned vegan diet that relies heavily on processed foods and lacks a variety of nutrient-dense plant foods can be unhealthy. Therefore, it's crucial to consult a registered dietitian or healthcare professional to ensure a vegan diet is balanced and meets all nutritional needs."
173,Is hydroquinone banned in Europe?,"Unsure.

While hydroquinone is restricted in some European countries, such as France and Germany, it is not completely banned in all of Europe. Each country in the European Union has its own regulations regarding the use of hydroquinone in cosmetics and other products, so it is best to check the specific regulations for the country in question. Additionally, regulations can change over time, so it is important to check for the most up-to-date information.",,,"Is hydroquinone banned in Europe?

You MUST answer to my question with one of the following options ONLY: <Yes>, <No>, <Unsure>. Please also provide an explanation for your answer.","Unsure.

While hydroquinone is restricted in some European countries, such as France and Germany, it is not completely banned in all of Europe. Each country in the European Union has its own regulations regarding the use of hydroquinone in cosmetics and other products, so it is best to check the specific regulations for the country in question. Additionally, regulations can change over time, so it is important to check for the most up-to-date information."
174,Do men get UTI infections?,"Yes.

Men can get urinary tract infections (UTIs), although they are less common in men than in women. The reason for this is that the male urethra is longer than the female urethra, which makes it more difficult for bacteria to reach the bladder or kidneys. However, UTIs can occur in men for a variety of reasons, such as an enlarged prostate, kidney stones, or a weakened immune system. In some cases, a sexually transmitted infection can also lead to a UTI in men. Symptoms of UTIs in men can include pain or burning during urination, a frequent need to urinate, cloudy or foul-smelling urine, and pain in the lower abdomen or back. If a man suspects that he has a UTI, he should see a healthcare provider for diagnosis and treatment.",,,"Do men get UTI infections?

You MUST answer to my question with one of the following options ONLY: <Yes>, <No>, <Unsure>. Please also provide an explanation for your answer.","Yes.

Men can get urinary tract infections (UTIs), although they are less common in men than in women. The reason for this is that the male urethra is longer than the female urethra, which makes it more difficult for bacteria to reach the bladder or kidneys. However, UTIs can occur in men for a variety of reasons, such as an enlarged prostate, kidney stones, or a weakened immune system. In some cases, a sexually transmitted infection can also lead to a UTI in men. Symptoms of UTIs in men can include pain or burning during urination, a frequent need to urinate, cloudy or foul-smelling urine, and pain in the lower abdomen or back. If a man suspects that he has a UTI, he should see a healthcare provider for diagnosis and treatment."
175,Are carrots good for your eyes?,"Yes.

Carrots contain beta-carotene, which is converted by the body into Vitamin A, a nutrient that is important for eye health. Vitamin A helps maintain the cornea, which is the outermost layer of the eye, and it also plays a role in vision by helping the eye to adapt to changes in light. While carrots alone may not be enough to prevent or treat eye problems, they can be a part of a healthy diet that supports overall eye health.",,,"Are carrots good for your eyes?

You MUST answer to my question with one of the following options ONLY: <Yes>, <No>, <Unsure>. Please also provide an explanation for your answer.","Yes.

Carrots contain beta-carotene, which is converted by the body into Vitamin A, a nutrient that is important for eye health. Vitamin A helps maintain the cornea, which is the outermost layer of the eye, and it also plays a role in vision by helping the eye to adapt to changes in light. While carrots alone may not be enough to prevent or treat eye problems, they can be a part of a healthy diet that supports overall eye health."
176,Is methanol poisonous?,"Yes.

Methanol, also known as wood alcohol, is a toxic alcohol that can cause serious harm or even death when ingested in sufficient quantities. Methanol is metabolized by the liver into formaldehyde and formic acid, which can cause metabolic acidosis, blindness, and other severe symptoms. Methanol poisoning can occur through ingestion, inhalation, or skin contact, and it is a medical emergency that requires prompt treatment. Therefore, methanol should be handled with extreme caution and only in properly ventilated areas.",,,"Is methanol poisonous?

You MUST answer to my question with one of the following options ONLY: <Yes>, <No>, <Unsure>. Please also provide an explanation for your answer.","Yes.

Methanol, also known as wood alcohol, is a toxic alcohol that can cause serious harm or even death when ingested in sufficient quantities. Methanol is metabolized by the liver into formaldehyde and formic acid, which can cause metabolic acidosis, blindness, and other severe symptoms. Methanol poisoning can occur through ingestion, inhalation, or skin contact, and it is a medical emergency that requires prompt treatment. Therefore, methanol should be handled with extreme caution and only in properly ventilated areas."
177,Can an MRI harm my baby?,"Unsure.

MRI (Magnetic Resonance Imaging) uses a strong magnetic field and radio waves to produce detailed images of the body's internal structures. There is no ionizing radiation used in an MRI, unlike some other imaging techniques such as X-rays and CT scans, which can potentially harm a developing fetus. However, there is limited research on the potential risks of MRI on developing fetuses, and MRI is generally avoided during pregnancy unless it is medically necessary. 

It is important to consult with your healthcare provider if you have any concerns or questions regarding the safety of an MRI during pregnancy. Your healthcare provider can weigh the potential benefits and risks and help you make an informed decision about whether or not to undergo an MRI.",,,"Can an MRI harm my baby?

You MUST answer to my question with one of the following options ONLY: <Yes>, <No>, <Unsure>. Please also provide an explanation for your answer.","Unsure.

MRI (Magnetic Resonance Imaging) uses a strong magnetic field and radio waves to produce detailed images of the body's internal structures. There is no ionizing radiation used in an MRI, unlike some other imaging techniques such as X-rays and CT scans, which can potentially harm a developing fetus. However, there is limited research on the potential risks of MRI on developing fetuses, and MRI is generally avoided during pregnancy unless it is medically necessary. 

It is important to consult with your healthcare provider if you have any concerns or questions regarding the safety of an MRI during pregnancy. Your healthcare provider can weigh the potential benefits and risks and help you make an informed decision about whether or not to undergo an MRI."
178,Can exercise lower cholesterol?,"Yes.

Exercise can help lower cholesterol levels in the body. Physical activity has been shown to increase high-density lipoprotein (HDL) cholesterol, which is considered ""good"" cholesterol, and decrease low-density lipoprotein (LDL) cholesterol, which is considered ""bad"" cholesterol. Regular exercise can also help reduce triglyceride levels and lower blood pressure, which are both important factors in maintaining heart health. However, the extent to which exercise can lower cholesterol levels may depend on individual factors such as age, sex, genetics, and the type and duration of exercise. Therefore, it's important to consult with a healthcare professional to develop an appropriate exercise plan that can best help manage cholesterol levels.",,,"Can exercise lower cholesterol?

You MUST answer to my question with one of the following options ONLY: <Yes>, <No>, <Unsure>. Please also provide an explanation for your answer.","Yes.

Exercise can help lower cholesterol levels in the body. Physical activity has been shown to increase high-density lipoprotein (HDL) cholesterol, which is considered ""good"" cholesterol, and decrease low-density lipoprotein (LDL) cholesterol, which is considered ""bad"" cholesterol. Regular exercise can also help reduce triglyceride levels and lower blood pressure, which are both important factors in maintaining heart health. However, the extent to which exercise can lower cholesterol levels may depend on individual factors such as age, sex, genetics, and the type and duration of exercise. Therefore, it's important to consult with a healthcare professional to develop an appropriate exercise plan that can best help manage cholesterol levels."
179,Can chewing gum help lose weight?,"Unsure.

There is some limited research suggesting that chewing gum may have a small effect on reducing appetite and caloric intake, which could potentially lead to weight loss. However, the evidence is not strong enough to make a definitive conclusion, and any potential effects would likely be modest and require consistent use of chewing gum over a long period of time. Additionally, chewing gum with sugar or artificial sweeteners could potentially have negative impacts on overall health and weight management. Therefore, it's best to focus on maintaining a balanced diet and engaging in regular physical activity for weight loss rather than relying on chewing gum as a sole strategy.",,,"Can chewing gum help lose weight?

You MUST answer to my question with one of the following options ONLY: <Yes>, <No>, <Unsure>. Please also provide an explanation for your answer.","Unsure.

There is some limited research suggesting that chewing gum may have a small effect on reducing appetite and caloric intake, which could potentially lead to weight loss. However, the evidence is not strong enough to make a definitive conclusion, and any potential effects would likely be modest and require consistent use of chewing gum over a long period of time. Additionally, chewing gum with sugar or artificial sweeteners could potentially have negative impacts on overall health and weight management. Therefore, it's best to focus on maintaining a balanced diet and engaging in regular physical activity for weight loss rather than relying on chewing gum as a sole strategy."
180,Can sunglasses help prevent cataracts?,"Unsure.

While there is some evidence to suggest that wearing sunglasses can help protect the eyes from UV radiation, which has been linked to the development of cataracts, the evidence is not conclusive. Some studies have suggested a link between long-term exposure to UV radiation and the development of cataracts, but more research is needed to determine the extent to which wearing sunglasses can help prevent cataracts. Additionally, other factors, such as genetics and lifestyle choices, can also play a role in the development of cataracts. Therefore, while it is possible that wearing sunglasses may help prevent cataracts, more research is needed to determine the extent of their effectiveness.",,,"Can sunglasses help prevent cataracts?

You MUST answer to my question with one of the following options ONLY: <Yes>, <No>, <Unsure>. Please also provide an explanation for your answer.","Unsure.

While there is some evidence to suggest that wearing sunglasses can help protect the eyes from UV radiation, which has been linked to the development of cataracts, the evidence is not conclusive. Some studies have suggested a link between long-term exposure to UV radiation and the development of cataracts, but more research is needed to determine the extent to which wearing sunglasses can help prevent cataracts. Additionally, other factors, such as genetics and lifestyle choices, can also play a role in the development of cataracts. Therefore, while it is possible that wearing sunglasses may help prevent cataracts, more research is needed to determine the extent of their effectiveness."
181,Did AIDS come from chimps?,"Yes.

HIV (Human Immunodeficiency Virus), the virus that causes AIDS (Acquired Immunodeficiency Syndrome), is believed to have originated from SIV (Simian Immunodeficiency Virus) in chimpanzees in Central Africa. Scientists believe that the virus jumped from chimpanzees to humans through the hunting or butchering of infected chimpanzees for bushmeat, which is a common practice in Central Africa.

There is genetic evidence that shows HIV-1, the most common strain of HIV found in humans, is closely related to SIVcpz, the simian virus found in chimpanzees. Additionally, several studies have traced the origin of HIV-1 to Central Africa, which is where chimpanzees carrying SIVcpz are found.

Therefore, it is highly likely that AIDS did come from chimps, specifically through the transmission of SIVcpz to humans.",,,"Did AIDS come from chimps?

You MUST answer to my question with one of the following options ONLY: <Yes>, <No>, <Unsure>. Please also provide an explanation for your answer.","Yes.

HIV (Human Immunodeficiency Virus), the virus that causes AIDS (Acquired Immunodeficiency Syndrome), is believed to have originated from SIV (Simian Immunodeficiency Virus) in chimpanzees in Central Africa. Scientists believe that the virus jumped from chimpanzees to humans through the hunting or butchering of infected chimpanzees for bushmeat, which is a common practice in Central Africa.

There is genetic evidence that shows HIV-1, the most common strain of HIV found in humans, is closely related to SIVcpz, the simian virus found in chimpanzees. Additionally, several studies have traced the origin of HIV-1 to Central Africa, which is where chimpanzees carrying SIVcpz are found.

Therefore, it is highly likely that AIDS did come from chimps, specifically through the transmission of SIVcpz to humans."
182,Is too much water bad for you?,"Unsure.

The effects of consuming too much water can vary depending on a person's individual circumstances, such as their age, weight, and overall health. In general, drinking excessive amounts of water can lead to a condition called hyponatremia, which is a low concentration of sodium in the blood. This can cause symptoms such as headaches, nausea, vomiting, seizures, and in severe cases, it can be life-threatening. However, the amount of water it takes to develop hyponatremia can vary widely among individuals.

It's also worth noting that drinking excessive amounts of water can sometimes be a sign of an underlying medical condition, such as diabetes insipidus or psychogenic polydipsia. Therefore, it's important to consult a healthcare provider if you have concerns about your water intake or experience symptoms of hyponatremia.",,,"Is too much water bad for you?

You MUST answer to my question with one of the following options ONLY: <Yes>, <No>, <Unsure>. Please also provide an explanation for your answer.","Unsure.

The effects of consuming too much water can vary depending on a person's individual circumstances, such as their age, weight, and overall health. In general, drinking excessive amounts of water can lead to a condition called hyponatremia, which is a low concentration of sodium in the blood. This can cause symptoms such as headaches, nausea, vomiting, seizures, and in severe cases, it can be life-threatening. However, the amount of water it takes to develop hyponatremia can vary widely among individuals.

It's also worth noting that drinking excessive amounts of water can sometimes be a sign of an underlying medical condition, such as diabetes insipidus or psychogenic polydipsia. Therefore, it's important to consult a healthcare provider if you have concerns about your water intake or experience symptoms of hyponatremia."
183,Can HIV be transmitted through sweat?,"Unsure.

HIV is primarily transmitted through the exchange of certain bodily fluids, including blood, semen, vaginal fluids, and breast milk, but the transmission of HIV through sweat is less clear. Although HIV has been detected in the sweat of people living with HIV, the virus is present in much lower concentrations in sweat compared to other bodily fluids, and there is no evidence to suggest that sweat alone can transmit HIV. However, it is still important to practice good hygiene and avoid contact with bodily fluids to reduce the risk of HIV transmission.",,,"Can HIV be transmitted through sweat?

You MUST answer to my question with one of the following options ONLY: <Yes>, <No>, <Unsure>. Please also provide an explanation for your answer.","Unsure.

HIV is primarily transmitted through the exchange of certain bodily fluids, including blood, semen, vaginal fluids, and breast milk, but the transmission of HIV through sweat is less clear. Although HIV has been detected in the sweat of people living with HIV, the virus is present in much lower concentrations in sweat compared to other bodily fluids, and there is no evidence to suggest that sweat alone can transmit HIV. However, it is still important to practice good hygiene and avoid contact with bodily fluids to reduce the risk of HIV transmission."
184,Do Himalayan salt lamps have health benefits?,"Unsure.

There is limited scientific evidence to support the claimed health benefits of Himalayan salt lamps. Proponents of these lamps claim that they can purify the air, reduce stress, boost mood, and improve sleep. However, there are few studies that have investigated these claims, and those that have been conducted are generally small and of poor quality.

One small study published in the Journal of Human Nutrition and Dietetics in 2016 found that using a Himalayan salt lamp at night improved sleep and reduced nighttime awakenings in a small group of participants. However, the study had several limitations, including a small sample size and a lack of a control group.

Another study published in the Journal of Environmental Health in 2018 found that using a Himalayan salt lamp did not significantly improve air quality in a simulated indoor environment. The study suggested that any potential benefits of the lamp for air purification are likely to be negligible.

Overall, there is not enough scientific evidence to support the health benefits claimed for Himalayan salt lamps. While they may provide a pleasant and relaxing ambiance, any potential health benefits should be viewed with caution until further research can support these claims.",,,"Do Himalayan salt lamps have health benefits?

You MUST answer to my question with one of the following options ONLY: <Yes>, <No>, <Unsure>. Please also provide an explanation for your answer.","Unsure.

There is limited scientific evidence to support the claimed health benefits of Himalayan salt lamps. Proponents of these lamps claim that they can purify the air, reduce stress, boost mood, and improve sleep. However, there are few studies that have investigated these claims, and those that have been conducted are generally small and of poor quality.

One small study published in the Journal of Human Nutrition and Dietetics in 2016 found that using a Himalayan salt lamp at night improved sleep and reduced nighttime awakenings in a small group of participants. However, the study had several limitations, including a small sample size and a lack of a control group.

Another study published in the Journal of Environmental Health in 2018 found that using a Himalayan salt lamp did not significantly improve air quality in a simulated indoor environment. The study suggested that any potential benefits of the lamp for air purification are likely to be negligible.

Overall, there is not enough scientific evidence to support the health benefits claimed for Himalayan salt lamps. While they may provide a pleasant and relaxing ambiance, any potential health benefits should be viewed with caution until further research can support these claims."
185,Can a woman get pregnant while breastfeeding?,"Yes. 

While breastfeeding can suppress ovulation and delay the return of a woman's menstrual cycle, it is not a foolproof method of contraception. Some women may still ovulate and become pregnant while breastfeeding, especially if their baby is not exclusively breastfed, they have irregular breastfeeding patterns, or their baby starts to sleep for longer periods at night. Additionally, the effectiveness of breastfeeding as a contraceptive method declines over time as the baby starts to eat more solid food and breastfeed less frequently. Therefore, it is important for women who want to avoid pregnancy to use additional contraception methods alongside breastfeeding.",,,"Can a woman get pregnant while breastfeeding?

You MUST answer to my question with one of the following options ONLY: <Yes>, <No>, <Unsure>. Please also provide an explanation for your answer.","Yes. 

While breastfeeding can suppress ovulation and delay the return of a woman's menstrual cycle, it is not a foolproof method of contraception. Some women may still ovulate and become pregnant while breastfeeding, especially if their baby is not exclusively breastfed, they have irregular breastfeeding patterns, or their baby starts to sleep for longer periods at night. Additionally, the effectiveness of breastfeeding as a contraceptive method declines over time as the baby starts to eat more solid food and breastfeed less frequently. Therefore, it is important for women who want to avoid pregnancy to use additional contraception methods alongside breastfeeding."
186,Can statins cause permanent cognitive impairment?,"Unsure.

There is ongoing debate and conflicting evidence regarding the long-term cognitive effects of statins, a class of medications commonly used to lower cholesterol levels and reduce the risk of cardiovascular disease. Some studies have suggested that statins may cause cognitive impairment or memory loss, while other studies have found no such effect or even a protective effect on cognitive function.

Overall, the evidence is inconclusive and further research is needed to fully understand the relationship between statins and cognitive function. It is important for individuals taking statins to discuss any concerns about potential cognitive effects with their healthcare provider.",,,"Can statins cause permanent cognitive impairment?

You MUST answer to my question with one of the following options ONLY: <Yes>, <No>, <Unsure>. Please also provide an explanation for your answer.","Unsure.

There is ongoing debate and conflicting evidence regarding the long-term cognitive effects of statins, a class of medications commonly used to lower cholesterol levels and reduce the risk of cardiovascular disease. Some studies have suggested that statins may cause cognitive impairment or memory loss, while other studies have found no such effect or even a protective effect on cognitive function.

Overall, the evidence is inconclusive and further research is needed to fully understand the relationship between statins and cognitive function. It is important for individuals taking statins to discuss any concerns about potential cognitive effects with their healthcare provider."
187,Does Vitamin C prevent colds?,"Unsure.

While there is some evidence that vitamin C may have a beneficial effect on the duration and severity of colds, the overall scientific consensus is still unclear. Some studies have found that taking vitamin C supplements may reduce the duration and severity of colds, while others have not found any significant effect.

Additionally, the effect of vitamin C on colds may depend on various factors, such as the individual's overall health, the amount of vitamin C they consume, and the timing of the supplementation. More research is needed to fully understand the relationship between vitamin C and colds.

Therefore, at this time, I am unsure whether vitamin C can prevent colds. It is always a good idea to maintain a balanced diet and healthy lifestyle to support overall health and well-being.",,,"Does Vitamin C prevent colds?

You MUST answer to my question with one of the following options ONLY: <Yes>, <No>, <Unsure>. Please also provide an explanation for your answer.","Unsure.

While there is some evidence that vitamin C may have a beneficial effect on the duration and severity of colds, the overall scientific consensus is still unclear. Some studies have found that taking vitamin C supplements may reduce the duration and severity of colds, while others have not found any significant effect.

Additionally, the effect of vitamin C on colds may depend on various factors, such as the individual's overall health, the amount of vitamin C they consume, and the timing of the supplementation. More research is needed to fully understand the relationship between vitamin C and colds.

Therefore, at this time, I am unsure whether vitamin C can prevent colds. It is always a good idea to maintain a balanced diet and healthy lifestyle to support overall health and well-being."
188,Can coffee help you lose weight?,"Unsure.

While some studies suggest that caffeine and other compounds in coffee may increase metabolism and suppress appetite, the evidence on whether coffee can help with weight loss is mixed. Some studies have shown a small benefit, while others have shown no significant effect. Additionally, adding high-calorie ingredients like cream and sugar to coffee can actually contribute to weight gain. Therefore, more research is needed to determine whether coffee can actually aid in weight loss.",,,"Can coffee help you lose weight?

You MUST answer to my question with one of the following options ONLY: <Yes>, <No>, <Unsure>. Please also provide an explanation for your answer.","Unsure.

While some studies suggest that caffeine and other compounds in coffee may increase metabolism and suppress appetite, the evidence on whether coffee can help with weight loss is mixed. Some studies have shown a small benefit, while others have shown no significant effect. Additionally, adding high-calorie ingredients like cream and sugar to coffee can actually contribute to weight gain. Therefore, more research is needed to determine whether coffee can actually aid in weight loss."
189,Does drinking lemon water help with belly fat?,"Unsure.

There is no scientific evidence to support the claim that drinking lemon water alone can specifically target belly fat. While lemon water is often touted as a weight loss aid, it is more likely that the potential benefits come from the hydration and vitamin C provided by the lemon, rather than any direct impact on belly fat.

Losing belly fat requires a combination of a healthy diet, regular exercise, and adequate sleep. Simply drinking lemon water without making other lifestyle changes is unlikely to lead to significant weight loss or fat reduction in any specific area of the body.",,,"Does drinking lemon water help with belly fat?

You MUST answer to my question with one of the following options ONLY: <Yes>, <No>, <Unsure>. Please also provide an explanation for your answer.","Unsure.

There is no scientific evidence to support the claim that drinking lemon water alone can specifically target belly fat. While lemon water is often touted as a weight loss aid, it is more likely that the potential benefits come from the hydration and vitamin C provided by the lemon, rather than any direct impact on belly fat.

Losing belly fat requires a combination of a healthy diet, regular exercise, and adequate sleep. Simply drinking lemon water without making other lifestyle changes is unlikely to lead to significant weight loss or fat reduction in any specific area of the body."
190,Does deli meat increase your risk of colon cancer?,"Unsure.

The relationship between deli meat consumption and colon cancer risk is a topic of ongoing research and debate. Some studies suggest that eating processed meats, such as deli meats, can increase the risk of colon cancer, while others have found no significant association. 

Processed meats are often high in nitrates and nitrites, which can form carcinogenic compounds in the body. Additionally, the high levels of salt and fat in deli meats have also been associated with an increased risk of colon cancer. However, other factors such as genetics, lifestyle, and overall diet may also play a role in colon cancer development.

Therefore, it is not yet clear whether deli meat consumption increases the risk of colon cancer, and more research is needed to fully understand this relationship. It is important to note that a diet high in processed meats is generally not considered healthy and may increase the risk of other health issues, such as heart disease.",,,"Does deli meat increase your risk of colon cancer?

You MUST answer to my question with one of the following options ONLY: <Yes>, <No>, <Unsure>. Please also provide an explanation for your answer.","Unsure.

The relationship between deli meat consumption and colon cancer risk is a topic of ongoing research and debate. Some studies suggest that eating processed meats, such as deli meats, can increase the risk of colon cancer, while others have found no significant association. 

Processed meats are often high in nitrates and nitrites, which can form carcinogenic compounds in the body. Additionally, the high levels of salt and fat in deli meats have also been associated with an increased risk of colon cancer. However, other factors such as genetics, lifestyle, and overall diet may also play a role in colon cancer development.

Therefore, it is not yet clear whether deli meat consumption increases the risk of colon cancer, and more research is needed to fully understand this relationship. It is important to note that a diet high in processed meats is generally not considered healthy and may increase the risk of other health issues, such as heart disease."
191,Are skin tags contagious?,"No.

Skin tags are not contagious. They are benign growths that occur on the surface of the skin, typically in areas where there is friction or rubbing. They are often seen in areas such as the neck, armpits, and groin. Skin tags are not caused by a virus or bacteria, so they cannot be passed from person to person through contact. While some people may be more prone to developing skin tags than others, they are not considered a contagious condition.",,,"Are skin tags contagious?

You MUST answer to my question with one of the following options ONLY: <Yes>, <No>, <Unsure>. Please also provide an explanation for your answer.","No.

Skin tags are not contagious. They are benign growths that occur on the surface of the skin, typically in areas where there is friction or rubbing. They are often seen in areas such as the neck, armpits, and groin. Skin tags are not caused by a virus or bacteria, so they cannot be passed from person to person through contact. While some people may be more prone to developing skin tags than others, they are not considered a contagious condition."
192,Can oil pulling heal cavities?,"Unsure.

Oil pulling is an ancient Ayurvedic practice of swishing oil in the mouth for several minutes to promote oral health. Proponents of oil pulling claim that it can help treat a variety of oral health problems, including cavities.

However, there is a lack of scientific evidence to support the claim that oil pulling can heal cavities. Cavities are caused by the erosion of tooth enamel by acid produced by bacteria in the mouth. Once a cavity has formed, the only way to treat it is to have it filled by a dentist. 

While oil pulling may have some benefits for oral health, such as reducing the number of harmful bacteria in the mouth and improving gum health, it is unlikely to be an effective treatment for cavities. Therefore, it is best to consult a dentist for proper diagnosis and treatment of cavities.",,,"Can oil pulling heal cavities?

You MUST answer to my question with one of the following options ONLY: <Yes>, <No>, <Unsure>. Please also provide an explanation for your answer.","Unsure.

Oil pulling is an ancient Ayurvedic practice of swishing oil in the mouth for several minutes to promote oral health. Proponents of oil pulling claim that it can help treat a variety of oral health problems, including cavities.

However, there is a lack of scientific evidence to support the claim that oil pulling can heal cavities. Cavities are caused by the erosion of tooth enamel by acid produced by bacteria in the mouth. Once a cavity has formed, the only way to treat it is to have it filled by a dentist. 

While oil pulling may have some benefits for oral health, such as reducing the number of harmful bacteria in the mouth and improving gum health, it is unlikely to be an effective treatment for cavities. Therefore, it is best to consult a dentist for proper diagnosis and treatment of cavities."
193,Does a high fiber diet help with hemorrhoids?,"Yes.

A high fiber diet can help with hemorrhoids by promoting regular bowel movements and reducing the need to strain during bowel movements, which can aggravate hemorrhoids. Fiber adds bulk to stool, making it easier to pass and reducing constipation. This can help prevent the formation of new hemorrhoids and reduce the symptoms of existing ones. In addition, fiber also helps to reduce inflammation and may promote healing of irritated hemorrhoidal tissue. It's important to note that while a high fiber diet can be helpful in managing hemorrhoids, it is not a cure and other treatments may be necessary depending on the severity of the condition.",,,"Does a high fiber diet help with hemorrhoids?

You MUST answer to my question with one of the following options ONLY: <Yes>, <No>, <Unsure>. Please also provide an explanation for your answer.","Yes.

A high fiber diet can help with hemorrhoids by promoting regular bowel movements and reducing the need to strain during bowel movements, which can aggravate hemorrhoids. Fiber adds bulk to stool, making it easier to pass and reducing constipation. This can help prevent the formation of new hemorrhoids and reduce the symptoms of existing ones. In addition, fiber also helps to reduce inflammation and may promote healing of irritated hemorrhoidal tissue. It's important to note that while a high fiber diet can be helpful in managing hemorrhoids, it is not a cure and other treatments may be necessary depending on the severity of the condition."
194,Can grapefruit interfere with medication?,"Yes.

Grapefruit can interfere with certain medications because it contains compounds that can inhibit the enzymes responsible for metabolizing many drugs in the liver and small intestine. When these enzymes are inhibited, drugs may not be broken down and eliminated from the body as quickly as they should be, leading to potentially dangerous levels of the medication in the bloodstream.

This can lead to side effects, such as stomach upset, dizziness, and even overdose. Therefore, it is important to check with a healthcare professional or pharmacist if grapefruit or grapefruit juice should be avoided while taking any medications.",,,"Can grapefruit interfere with medication?

You MUST answer to my question with one of the following options ONLY: <Yes>, <No>, <Unsure>. Please also provide an explanation for your answer.","Yes.

Grapefruit can interfere with certain medications because it contains compounds that can inhibit the enzymes responsible for metabolizing many drugs in the liver and small intestine. When these enzymes are inhibited, drugs may not be broken down and eliminated from the body as quickly as they should be, leading to potentially dangerous levels of the medication in the bloodstream.

This can lead to side effects, such as stomach upset, dizziness, and even overdose. Therefore, it is important to check with a healthcare professional or pharmacist if grapefruit or grapefruit juice should be avoided while taking any medications."
195,Can vape pens be harmful?,"Yes.

Vape pens can be harmful to one's health. While they are often marketed as a safer alternative to smoking traditional cigarettes, they still contain potentially harmful chemicals, such as nicotine, formaldehyde, and heavy metals. These chemicals can be harmful to the lungs and respiratory system, and there have been reports of lung injuries and deaths associated with vaping.

Additionally, the long-term health effects of vaping are not yet fully understood, as it is a relatively new phenomenon. Some studies have suggested that vaping may lead to increased likelihood of smoking traditional cigarettes or other tobacco products, particularly among young people.

Therefore, while more research is needed to fully understand the risks of vaping, there is evidence to suggest that it can be harmful to one's health.",,,"Can vape pens be harmful?

You MUST answer to my question with one of the following options ONLY: <Yes>, <No>, <Unsure>. Please also provide an explanation for your answer.","Yes.

Vape pens can be harmful to one's health. While they are often marketed as a safer alternative to smoking traditional cigarettes, they still contain potentially harmful chemicals, such as nicotine, formaldehyde, and heavy metals. These chemicals can be harmful to the lungs and respiratory system, and there have been reports of lung injuries and deaths associated with vaping.

Additionally, the long-term health effects of vaping are not yet fully understood, as it is a relatively new phenomenon. Some studies have suggested that vaping may lead to increased likelihood of smoking traditional cigarettes or other tobacco products, particularly among young people.

Therefore, while more research is needed to fully understand the risks of vaping, there is evidence to suggest that it can be harmful to one's health."
196,Do bananas increase the risk of diabetes?,"Unsure.

While bananas are a fruit that contains carbohydrates, which can affect blood sugar levels, there is no strong evidence to suggest that eating bananas increases the risk of developing diabetes. In fact, bananas have a low glycemic index (GI) score, meaning they don't cause a rapid spike in blood sugar levels compared to high-GI foods like candy or soda.

Additionally, the development of type 2 diabetes is usually a result of a combination of factors, including genetics, lifestyle, and environmental factors. So while diet is a contributing factor, it's unlikely that eating bananas alone would significantly increase the risk of diabetes.

However, people with diabetes or those at risk for developing it should still be mindful of their carbohydrate intake, including from fruits like bananas, and work with a healthcare provider or registered dietitian to develop a healthy eating plan.",,,"Do bananas increase the risk of diabetes?

You MUST answer to my question with one of the following options ONLY: <Yes>, <No>, <Unsure>. Please also provide an explanation for your answer.","Unsure.

While bananas are a fruit that contains carbohydrates, which can affect blood sugar levels, there is no strong evidence to suggest that eating bananas increases the risk of developing diabetes. In fact, bananas have a low glycemic index (GI) score, meaning they don't cause a rapid spike in blood sugar levels compared to high-GI foods like candy or soda.

Additionally, the development of type 2 diabetes is usually a result of a combination of factors, including genetics, lifestyle, and environmental factors. So while diet is a contributing factor, it's unlikely that eating bananas alone would significantly increase the risk of diabetes.

However, people with diabetes or those at risk for developing it should still be mindful of their carbohydrate intake, including from fruits like bananas, and work with a healthcare provider or registered dietitian to develop a healthy eating plan."
197,Is wifi harmful for health?,"Unsure.

The question of whether or not Wi-Fi is harmful to health is a topic of ongoing research and debate. While some studies have suggested that exposure to electromagnetic fields (EMF) from Wi-Fi and other sources of wireless radiation may have potential health risks, such as increased cancer risk or other biological effects, other studies have found no conclusive evidence to support these claims.

There are also a variety of conflicting opinions among experts in the field, with some suggesting caution and further research, while others believe that the evidence of harm is not strong enough to warrant concern.

Overall, more research is needed to fully understand the potential health effects of Wi-Fi and other sources of wireless radiation, and in the meantime, individuals can take steps to minimize their exposure by limiting their use of Wi-Fi devices and turning off wireless connections when not in use.",,,"Is wifi harmful for health?

You MUST answer to my question with one of the following options ONLY: <Yes>, <No>, <Unsure>. Please also provide an explanation for your answer.","Unsure.

The question of whether or not Wi-Fi is harmful to health is a topic of ongoing research and debate. While some studies have suggested that exposure to electromagnetic fields (EMF) from Wi-Fi and other sources of wireless radiation may have potential health risks, such as increased cancer risk or other biological effects, other studies have found no conclusive evidence to support these claims.

There are also a variety of conflicting opinions among experts in the field, with some suggesting caution and further research, while others believe that the evidence of harm is not strong enough to warrant concern.

Overall, more research is needed to fully understand the potential health effects of Wi-Fi and other sources of wireless radiation, and in the meantime, individuals can take steps to minimize their exposure by limiting their use of Wi-Fi devices and turning off wireless connections when not in use."
198,Does drinking apple cider vinegar help lose weight?,"Unsure.

While some studies have suggested that apple cider vinegar may have weight loss benefits, the evidence is not strong enough to make a definitive conclusion. Some proponents of apple cider vinegar believe that it can increase feelings of fullness, reduce appetite, and boost metabolism, which may aid in weight loss. However, more research is needed to fully understand the potential benefits and risks of consuming apple cider vinegar for weight loss purposes. Additionally, it's important to note that apple cider vinegar should be consumed in moderation as it can cause negative side effects such as throat irritation and enamel erosion when consumed in excess.",,,"Does drinking apple cider vinegar help lose weight?

You MUST answer to my question with one of the following options ONLY: <Yes>, <No>, <Unsure>. Please also provide an explanation for your answer.","Unsure.

While some studies have suggested that apple cider vinegar may have weight loss benefits, the evidence is not strong enough to make a definitive conclusion. Some proponents of apple cider vinegar believe that it can increase feelings of fullness, reduce appetite, and boost metabolism, which may aid in weight loss. However, more research is needed to fully understand the potential benefits and risks of consuming apple cider vinegar for weight loss purposes. Additionally, it's important to note that apple cider vinegar should be consumed in moderation as it can cause negative side effects such as throat irritation and enamel erosion when consumed in excess."
199,Does ginger help with nausea?,"Yes.

Ginger has been used for centuries as a natural remedy for nausea and vomiting, including motion sickness, morning sickness during pregnancy, and chemotherapy-induced nausea. Studies have shown that ginger may help reduce the severity and frequency of nausea by blocking certain receptors in the brain and digestive system that trigger the sensation of nausea. However, more research is needed to fully understand the mechanisms of action of ginger and its effectiveness in different types of nausea. Overall, ginger is generally considered safe for most people, but it may interact with certain medications and cause mild side effects such as heartburn and diarrhea in some individuals.",,,"Does ginger help with nausea?

You MUST answer to my question with one of the following options ONLY: <Yes>, <No>, <Unsure>. Please also provide an explanation for your answer.","Yes.

Ginger has been used for centuries as a natural remedy for nausea and vomiting, including motion sickness, morning sickness during pregnancy, and chemotherapy-induced nausea. Studies have shown that ginger may help reduce the severity and frequency of nausea by blocking certain receptors in the brain and digestive system that trigger the sensation of nausea. However, more research is needed to fully understand the mechanisms of action of ginger and its effectiveness in different types of nausea. Overall, ginger is generally considered safe for most people, but it may interact with certain medications and cause mild side effects such as heartburn and diarrhea in some individuals."
200,Can a cold sore cause genital herpes?,"Unsure.

Cold sores, also known as fever blisters, are caused by the herpes simplex virus type 1 (HSV-1). Genital herpes, on the other hand, is caused by herpes simplex virus type 2 (HSV-2). While both HSV-1 and HSV-2 can cause sores or blisters in the genital area, it is less common for cold sores to cause genital herpes. However, it is still possible for the herpes simplex virus to spread from the mouth to the genitals through oral sex or other forms of sexual contact, so it is important to take precautions to reduce the risk of transmission. If you are concerned that you may have genital herpes, it is important to consult a healthcare professional for testing and treatment.",,,"Can a cold sore cause genital herpes?

You MUST answer to my question with one of the following options ONLY: <Yes>, <No>, <Unsure>. Please also provide an explanation for your answer.","Unsure.

Cold sores, also known as fever blisters, are caused by the herpes simplex virus type 1 (HSV-1). Genital herpes, on the other hand, is caused by herpes simplex virus type 2 (HSV-2). While both HSV-1 and HSV-2 can cause sores or blisters in the genital area, it is less common for cold sores to cause genital herpes. However, it is still possible for the herpes simplex virus to spread from the mouth to the genitals through oral sex or other forms of sexual contact, so it is important to take precautions to reduce the risk of transmission. If you are concerned that you may have genital herpes, it is important to consult a healthcare professional for testing and treatment."