qid,question,prediction,stance,passage_id,prompt,answer,date
151,Tea bags don't help to clot blood in pulled teeth?,"No. Tea bags do not help to clot blood in pulled teeth. While some people believe that the tannins in tea may help with blood clotting, there is no scientific evidence to support this claim. In fact, placing a tea bag in your mouth after a tooth extraction may actually hinder the healing process by introducing foreign materials into the area. Instead, it is recommended to gently bite down on a piece of gauze to promote blood clotting.",,,"Tea bags don't help to clot blood in pulled teeth?

You MUST answer to my question with one of the following options ONLY: <Yes>, <No>. Please also provide an explanation for your answer.","No. Tea bags do not help to clot blood in pulled teeth. While some people believe that the tannins in tea may help with blood clotting, there is no scientific evidence to support this claim. In fact, placing a tea bag in your mouth after a tooth extraction may actually hinder the healing process by introducing foreign materials into the area. Instead, it is recommended to gently bite down on a piece of gauze to promote blood clotting.",2023-06-23 07:46:45.042686
152,Crystals can't heal?,"No. While some people believe that crystals have healing properties, there is no scientific evidence to support this claim. The placebo effect may play a role in any perceived benefits of crystal healing. It is important to note that crystals should not replace medical treatment or advice from a licensed healthcare professional.",,,"Crystals can't heal?

You MUST answer to my question with one of the following options ONLY: <Yes>, <No>. Please also provide an explanation for your answer.","No. While some people believe that crystals have healing properties, there is no scientific evidence to support this claim. The placebo effect may play a role in any perceived benefits of crystal healing. It is important to note that crystals should not replace medical treatment or advice from a licensed healthcare professional.",2023-06-23 07:46:47.589009
153,Collagen supplements can't cure osteoarthritis?,"No. While there is some evidence that collagen supplements may help to reduce joint pain and improve mobility in people with osteoarthritis, there is no cure for the condition and collagen supplements alone will not cure it. Other treatments, such as exercise, weight management, physical therapy, and medication, may be necessary to manage symptoms and slow the progression of the disease. It is always best to consult with a healthcare professional before starting any new supplement or treatment for osteoarthritis.",,,"Collagen supplements can't cure osteoarthritis?

You MUST answer to my question with one of the following options ONLY: <Yes>, <No>. Please also provide an explanation for your answer.","No. While there is some evidence that collagen supplements may help to reduce joint pain and improve mobility in people with osteoarthritis, there is no cure for the condition and collagen supplements alone will not cure it. Other treatments, such as exercise, weight management, physical therapy, and medication, may be necessary to manage symptoms and slow the progression of the disease. It is always best to consult with a healthcare professional before starting any new supplement or treatment for osteoarthritis.",2023-06-23 07:46:51.894112
154,Cell phones can't cause cancer?,"No. According to numerous scientific studies and the World Health Organization (WHO), cell phones do not cause cancer. The radiofrequency (RF) energy emitted by cell phones is non-ionizing and cannot damage DNA or cause cancer. However, some studies have found a possible link between long-term cell phone use and certain types of brain tumors, but this link is not conclusive and requires further research.",,,"Cell phones can't cause cancer?

You MUST answer to my question with one of the following options ONLY: <Yes>, <No>. Please also provide an explanation for your answer.","No. According to numerous scientific studies and the World Health Organization (WHO), cell phones do not cause cancer. The radiofrequency (RF) energy emitted by cell phones is non-ionizing and cannot damage DNA or cause cancer. However, some studies have found a possible link between long-term cell phone use and certain types of brain tumors, but this link is not conclusive and requires further research.",2023-06-23 07:46:55.729808
155,You can't use WD-40 for arthritis?,"No. WD-40 is a lubricant used mainly for mechanical purposes such as fixing squeaky doors or rusted hinges. It is not meant for use on human skin or for medical purposes such as treating arthritis. In fact, using WD-40 on your skin can be harmful and cause irritation or allergic reactions. It is important to use appropriate medical treatments for arthritis as advised by a healthcare professional.",,,"You can't use WD-40 for arthritis?

You MUST answer to my question with one of the following options ONLY: <Yes>, <No>. Please also provide an explanation for your answer.","No. WD-40 is a lubricant used mainly for mechanical purposes such as fixing squeaky doors or rusted hinges. It is not meant for use on human skin or for medical purposes such as treating arthritis. In fact, using WD-40 on your skin can be harmful and cause irritation or allergic reactions. It is important to use appropriate medical treatments for arthritis as advised by a healthcare professional.",2023-06-23 07:46:59.140157
156,Mosquito bites can't make you sick?,"No. Mosquito bites alone cannot make you sick. However, mosquitoes can carry and transmit diseases such as malaria, dengue fever, Zika virus, and West Nile virus. If a mosquito bites a person who is infected with one of these illnesses, the mosquito can then transmit the illness to another person it bites. So while the mosquito bite itself may not make you sick, it is important to take precautions to avoid mosquito bites and the potential transmission of these illnesses.",,,"Mosquito bites can't make you sick?

You MUST answer to my question with one of the following options ONLY: <Yes>, <No>. Please also provide an explanation for your answer.","No. Mosquito bites alone cannot make you sick. However, mosquitoes can carry and transmit diseases such as malaria, dengue fever, Zika virus, and West Nile virus. If a mosquito bites a person who is infected with one of these illnesses, the mosquito can then transmit the illness to another person it bites. So while the mosquito bite itself may not make you sick, it is important to take precautions to avoid mosquito bites and the potential transmission of these illnesses.",2023-06-23 07:47:03.659097
157,Cancer can't be inherited?,"No. While there are certain genetic mutations that can increase a person's risk for developing certain types of cancer, cancer itself cannot be inherited like a genetic trait passed down from a parent. However, a family history of certain types of cancer can be indicative of an increased risk for the individual to develop cancer themselves.",,,"Cancer can't be inherited?

You MUST answer to my question with one of the following options ONLY: <Yes>, <No>. Please also provide an explanation for your answer.","No. While there are certain genetic mutations that can increase a person's risk for developing certain types of cancer, cancer itself cannot be inherited like a genetic trait passed down from a parent. However, a family history of certain types of cancer can be indicative of an increased risk for the individual to develop cancer themselves.",2023-06-23 07:47:06.343441
158,Vaccines are not linked to autism?,"Yes. There is robust scientific evidence that vaccines do not cause autism. Numerous studies have been conducted worldwide involving millions of children, and none of them have found a causal link between vaccines and autism. The original study by Dr. Andrew Wakefield that suggested a link has been thoroughly discredited and retracted by the medical journal that published it. The overwhelming consensus among medical professionals and organizations is that vaccines are safe and effective in preventing serious illnesses.",,,"Vaccines are not linked to autism?

You MUST answer to my question with one of the following options ONLY: <Yes>, <No>. Please also provide an explanation for your answer.","Yes. There is robust scientific evidence that vaccines do not cause autism. Numerous studies have been conducted worldwide involving millions of children, and none of them have found a causal link between vaccines and autism. The original study by Dr. Andrew Wakefield that suggested a link has been thoroughly discredited and retracted by the medical journal that published it. The overwhelming consensus among medical professionals and organizations is that vaccines are safe and effective in preventing serious illnesses.",2023-06-23 07:47:10.211714
159,Baking soda can't help to cure cancer?,"No. Baking soda is not a proven cure for cancer. While there have been some studies that suggest baking soda may have anti-cancer properties, there is not enough evidence to support the claim that it can cure cancer. It is important to consult with a medical professional to determine the best course of treatment for cancer.",,,"Baking soda can't help to cure cancer?

You MUST answer to my question with one of the following options ONLY: <Yes>, <No>. Please also provide an explanation for your answer.","No. Baking soda is not a proven cure for cancer. While there have been some studies that suggest baking soda may have anti-cancer properties, there is not enough evidence to support the claim that it can cure cancer. It is important to consult with a medical professional to determine the best course of treatment for cancer.",2023-06-23 07:47:13.086472
160,Squats are bad for knees?,"No. Squats are not inherently bad for knees, as long as they are performed correctly and with proper form. Squats can actually help strengthen the muscles that support the knees and improve knee stability. However, improper form, such as letting your knees cave in or extending them beyond your toes, can put strain on the knees and potentially lead to injury. It is important to start with lighter weight and gradually increase as you build strength and always perform squats with proper form to avoid knee issues.",,,"Squats are bad for knees?

You MUST answer to my question with one of the following options ONLY: <Yes>, <No>. Please also provide an explanation for your answer.","No. Squats are not inherently bad for knees, as long as they are performed correctly and with proper form. Squats can actually help strengthen the muscles that support the knees and improve knee stability. However, improper form, such as letting your knees cave in or extending them beyond your toes, can put strain on the knees and potentially lead to injury. It is important to start with lighter weight and gradually increase as you build strength and always perform squats with proper form to avoid knee issues.",2023-06-23 07:47:18.505972
161,ACE inhibitors typically don't cause erectile dysfunction?,"Yes, ACE inhibitors typically don't cause erectile dysfunction. ACE inhibitors are medications used to treat high blood pressure and heart failure. They work by relaxing blood vessels and improving blood flow, which may actually help with erectile dysfunction in some men. While some older reports suggested a possible association between ACE inhibitors and erectile dysfunction, more recent studies have not found a significant link between the two. Overall, ACE inhibitors are considered safe and effective medications for blood pressure control and should not typically cause erectile dysfunction.",,,"ACE inhibitors typically don't cause erectile dysfunction?

You MUST answer to my question with one of the following options ONLY: <Yes>, <No>. Please also provide an explanation for your answer.","Yes, ACE inhibitors typically don't cause erectile dysfunction. ACE inhibitors are medications used to treat high blood pressure and heart failure. They work by relaxing blood vessels and improving blood flow, which may actually help with erectile dysfunction in some men. While some older reports suggested a possible association between ACE inhibitors and erectile dysfunction, more recent studies have not found a significant link between the two. Overall, ACE inhibitors are considered safe and effective medications for blood pressure control and should not typically cause erectile dysfunction.",2023-06-23 07:47:22.800016
162,Morphine is not addictive?,"No. Morphine is a highly addictive opioid pain medication. It affects the same areas of the brain as other drugs that can lead to addiction. The prolonged use of morphine can result in tolerance, dependence, and addiction.",,,"Morphine is not addictive?

You MUST answer to my question with one of the following options ONLY: <Yes>, <No>. Please also provide an explanation for your answer.","No. Morphine is a highly addictive opioid pain medication. It affects the same areas of the brain as other drugs that can lead to addiction. The prolonged use of morphine can result in tolerance, dependence, and addiction.",2023-06-23 07:47:25.445424
163,Fruit juice can't increase the risk of diabetes?,"No. While fruit juice contains natural sugars, it lacks the fiber and nutrients found in whole fruits. This can lead to a quicker spike in blood sugar levels, which can increase the risk of developing type 2 diabetes over time. It's generally recommended to consume whole fruits instead of fruit juice whenever possible.",,,"Fruit juice can't increase the risk of diabetes?

You MUST answer to my question with one of the following options ONLY: <Yes>, <No>. Please also provide an explanation for your answer.","No. While fruit juice contains natural sugars, it lacks the fiber and nutrients found in whole fruits. This can lead to a quicker spike in blood sugar levels, which can increase the risk of developing type 2 diabetes over time. It's generally recommended to consume whole fruits instead of fruit juice whenever possible.",2023-06-23 07:47:28.217437
164,Magnetic wrist straps don't help with arthritis?,"No. While some people may find relief from arthritis symptoms with magnetic therapy, there is no scientific evidence to support the use of magnetic wrist straps as a treatment for arthritis. Therefore, it cannot be guaranteed that magnetic wrist straps will help with arthritis.",,,"Magnetic wrist straps don't help with arthritis?

You MUST answer to my question with one of the following options ONLY: <Yes>, <No>. Please also provide an explanation for your answer.","No. While some people may find relief from arthritis symptoms with magnetic therapy, there is no scientific evidence to support the use of magnetic wrist straps as a treatment for arthritis. Therefore, it cannot be guaranteed that magnetic wrist straps will help with arthritis.",2023-06-23 07:47:30.441982
165,Sit ups are bad for you?,"No. Sit ups are not inherently bad for you, but they can put strain on your neck and back if not done properly. It's important to engage your core muscles and avoid pulling on your neck during the movement. It's also important to vary your exercises to avoid overuse injuries and to work different muscle groups for a well-rounded fitness routine.",,,"Sit ups are bad for you?

You MUST answer to my question with one of the following options ONLY: <Yes>, <No>. Please also provide an explanation for your answer.","No. Sit ups are not inherently bad for you, but they can put strain on your neck and back if not done properly. It's important to engage your core muscles and avoid pulling on your neck during the movement. It's also important to vary your exercises to avoid overuse injuries and to work different muscle groups for a well-rounded fitness routine.",2023-06-23 07:47:33.771516
166,A speech problem can't be caused by right handed person being forced to left hand?,"No. Being forced to use the non-dominant hand (in this case, the left hand) may feel awkward and uncomfortable at first, but it is unlikely to cause speech problems. Speech difficulties are often caused by neurological or developmental issues, such as a speech disorder or hearing impairment.",,,"A speech problem can't be caused by right handed person being forced to left hand?

You MUST answer to my question with one of the following options ONLY: <Yes>, <No>. Please also provide an explanation for your answer.","No. Being forced to use the non-dominant hand (in this case, the left hand) may feel awkward and uncomfortable at first, but it is unlikely to cause speech problems. Speech difficulties are often caused by neurological or developmental issues, such as a speech disorder or hearing impairment.",2023-06-23 07:47:36.497900
167,There are not health benefits to drinking your own urine?,"No. There is no scientific evidence to support any health benefits to drinking urine. In fact, it can be harmful as urine contains waste products the body is trying to get rid of, and drinking it can lead to dehydration, urinary tract infections, and other health problems.",,,"There are not health benefits to drinking your own urine?

You MUST answer to my question with one of the following options ONLY: <Yes>, <No>. Please also provide an explanation for your answer.","No. There is no scientific evidence to support any health benefits to drinking urine. In fact, it can be harmful as urine contains waste products the body is trying to get rid of, and drinking it can lead to dehydration, urinary tract infections, and other health problems.",2023-06-23 07:47:38.884183
168,Pink salt is not good for you?,"No.

Pink salt, also known as Himalayan salt, is a type of rock salt that is harvested from the Punjab region of Pakistan. It contains trace amounts of minerals like calcium, magnesium, and potassium, giving it its pink color. While some people claim that pink salt has health benefits, such as improving respiratory function and aiding in digestion, there is no scientific evidence to support these claims. In fact, excess consumption of any type of salt can lead to health problems such as high blood pressure and cardiovascular disease. Therefore, it is best to consume pink salt in moderation and not rely on it as a health supplement.",,,"Pink salt is not good for you?

You MUST answer to my question with one of the following options ONLY: <Yes>, <No>. Please also provide an explanation for your answer.","No.

Pink salt, also known as Himalayan salt, is a type of rock salt that is harvested from the Punjab region of Pakistan. It contains trace amounts of minerals like calcium, magnesium, and potassium, giving it its pink color. While some people claim that pink salt has health benefits, such as improving respiratory function and aiding in digestion, there is no scientific evidence to support these claims. In fact, excess consumption of any type of salt can lead to health problems such as high blood pressure and cardiovascular disease. Therefore, it is best to consume pink salt in moderation and not rely on it as a health supplement.",2023-06-23 07:47:43.695281
169,Massage can't get rid of cellulite?,"No. Massage may help reduce the appearance of cellulite temporarily by increasing blood flow and temporarily smoothing out the skin, but it cannot permanently get rid of cellulite. Cellulite is caused by underlying fat deposits and the structure of connective tissue in the skin, and can only be effectively treated with lifestyle changes such as regular exercise and a healthy diet.",,,"Massage can't get rid of cellulite?

You MUST answer to my question with one of the following options ONLY: <Yes>, <No>. Please also provide an explanation for your answer.","No. Massage may help reduce the appearance of cellulite temporarily by increasing blood flow and temporarily smoothing out the skin, but it cannot permanently get rid of cellulite. Cellulite is caused by underlying fat deposits and the structure of connective tissue in the skin, and can only be effectively treated with lifestyle changes such as regular exercise and a healthy diet.",2023-06-23 07:47:46.614941
170,Fish oil can't improve your cholesterol?,"No. Fish oil is known to contain omega-3 fatty acids, which have been shown to have a number of health benefits including reducing inflammation and helping to lower triglyceride levels. However, studies have been mixed as to whether fish oil can improve cholesterol levels. Some studies have shown that fish oil can help to raise levels of HDL, or ""good"" cholesterol, while others have found no significant effect on overall cholesterol levels. Therefore, while fish oil may have some cardiovascular benefits, it may not specifically improve cholesterol levels in all individuals.",,,"Fish oil can't improve your cholesterol?

You MUST answer to my question with one of the following options ONLY: <Yes>, <No>. Please also provide an explanation for your answer.","No. Fish oil is known to contain omega-3 fatty acids, which have been shown to have a number of health benefits including reducing inflammation and helping to lower triglyceride levels. However, studies have been mixed as to whether fish oil can improve cholesterol levels. Some studies have shown that fish oil can help to raise levels of HDL, or ""good"" cholesterol, while others have found no significant effect on overall cholesterol levels. Therefore, while fish oil may have some cardiovascular benefits, it may not specifically improve cholesterol levels in all individuals.",2023-06-23 07:47:51.011847
171,You can't become addicted to weed?,"No. While it is possible to develop a habit or dependency on marijuana, it is not considered addictive in the same sense as substances like heroin or alcohol. Marijuana does not cause physical dependence or intense withdrawal symptoms. However, individuals with mental health conditions such as depression or anxiety may be more likely to develop a habit of using marijuana as a coping mechanism. Additionally, heavy and prolonged use of marijuana can lead to negative effects on cognitive function and motivation.",,,"You can't become addicted to weed?

You MUST answer to my question with one of the following options ONLY: <Yes>, <No>. Please also provide an explanation for your answer.","No. While it is possible to develop a habit or dependency on marijuana, it is not considered addictive in the same sense as substances like heroin or alcohol. Marijuana does not cause physical dependence or intense withdrawal symptoms. However, individuals with mental health conditions such as depression or anxiety may be more likely to develop a habit of using marijuana as a coping mechanism. Additionally, heavy and prolonged use of marijuana can lead to negative effects on cognitive function and motivation.",2023-06-23 07:47:54.752481
172,Vegan diets can't be healthy?,"No. It is possible to have a healthy and balanced vegan diet that provides all the necessary nutrients. However, vegans may need to pay extra attention to their intake of certain nutrients such as protein, iron, calcium, vitamin B12, and omega-3 fatty acids. It is important for vegans to consume a variety of plant-based foods to ensure they get all the essential nutrients their bodies need.",,,"Vegan diets can't be healthy?

You MUST answer to my question with one of the following options ONLY: <Yes>, <No>. Please also provide an explanation for your answer.","No. It is possible to have a healthy and balanced vegan diet that provides all the necessary nutrients. However, vegans may need to pay extra attention to their intake of certain nutrients such as protein, iron, calcium, vitamin B12, and omega-3 fatty acids. It is important for vegans to consume a variety of plant-based foods to ensure they get all the essential nutrients their bodies need.",2023-06-23 07:47:58.024447
173,Hydroquinone is not banned in Europe?,"Yes. Hydroquinone is not banned in Europe, but it is highly regulated. In the European Union, hydroquinone can only be used as a skin-lightening agent in cosmetic products at a maximum concentration of 1%. However, some individual countries in Europe have banned or further restricted the use of hydroquinone in cosmetic products.",,,"Hydroquinone is not banned in Europe?

You MUST answer to my question with one of the following options ONLY: <Yes>, <No>. Please also provide an explanation for your answer.","Yes. Hydroquinone is not banned in Europe, but it is highly regulated. In the European Union, hydroquinone can only be used as a skin-lightening agent in cosmetic products at a maximum concentration of 1%. However, some individual countries in Europe have banned or further restricted the use of hydroquinone in cosmetic products.",2023-06-23 07:48:01.247292
174,Men don't get UTI infections?,"No. While it is less common for men to get UTIs than women, it is still possible. Men can get UTIs if bacteria enter the urethra and travel to the bladder or kidneys. However, men's urethras are longer than women's, making it more difficult for bacteria to reach the bladder. Additionally, men have a prostate gland that produces secretions that may help protect against infection.",,,"Men don't get UTI infections?

You MUST answer to my question with one of the following options ONLY: <Yes>, <No>. Please also provide an explanation for your answer.","No. While it is less common for men to get UTIs than women, it is still possible. Men can get UTIs if bacteria enter the urethra and travel to the bladder or kidneys. However, men's urethras are longer than women's, making it more difficult for bacteria to reach the bladder. Additionally, men have a prostate gland that produces secretions that may help protect against infection.",2023-06-23 07:48:04.928437
175,Carrots aren't good for your eyes?,"No. This is a common misconception. While carrots do contain vitamin A, which is important for eye health, they do not necessarily improve vision or prevent vision loss. Eating a balanced diet with a variety of fruits and vegetables is important for overall health, including eye health.",,,"Carrots aren't good for your eyes?

You MUST answer to my question with one of the following options ONLY: <Yes>, <No>. Please also provide an explanation for your answer.","No. This is a common misconception. While carrots do contain vitamin A, which is important for eye health, they do not necessarily improve vision or prevent vision loss. Eating a balanced diet with a variety of fruits and vegetables is important for overall health, including eye health.",2023-06-23 07:48:07.199336
176,Methanol is not poisonous?,No. Methanol is toxic to humans and other animals when ingested or absorbed through the skin. It can cause blindness and death in severe cases.,,,"Methanol is not poisonous?

You MUST answer to my question with one of the following options ONLY: <Yes>, <No>. Please also provide an explanation for your answer.",No. Methanol is toxic to humans and other animals when ingested or absorbed through the skin. It can cause blindness and death in severe cases.,2023-06-23 07:48:08.970520
177,An MRI can't harm my baby?,"No. An MRI (Magnetic Resonance Imaging) is generally considered safe during pregnancy, as it uses non-ionizing radiation, which does not pose a risk of causing harm to a developing fetus. However, it is important to consult with your healthcare provider about the potential risks and benefits of undergoing an MRI while pregnant. In some cases, an alternative imaging test may be recommended to avoid any potential risks.",,,"An MRI can't harm my baby?

You MUST answer to my question with one of the following options ONLY: <Yes>, <No>. Please also provide an explanation for your answer.","No. An MRI (Magnetic Resonance Imaging) is generally considered safe during pregnancy, as it uses non-ionizing radiation, which does not pose a risk of causing harm to a developing fetus. However, it is important to consult with your healthcare provider about the potential risks and benefits of undergoing an MRI while pregnant. In some cases, an alternative imaging test may be recommended to avoid any potential risks.",2023-06-23 07:48:12.570701
178,Exercise can't lower cholesterol?,"No. Exercise can indeed lower cholesterol. Regular physical activity can increase the level of high-density lipoprotein (HDL) cholesterol in the body, commonly referred to as ""good"" cholesterol, while also reducing the level of low-density lipoprotein (LDL) cholesterol, known as ""bad"" cholesterol. This can lead to an overall reduction in cholesterol levels and a lower risk of heart disease and stroke.",,,"Exercise can't lower cholesterol?

You MUST answer to my question with one of the following options ONLY: <Yes>, <No>. Please also provide an explanation for your answer.","No. Exercise can indeed lower cholesterol. Regular physical activity can increase the level of high-density lipoprotein (HDL) cholesterol in the body, commonly referred to as ""good"" cholesterol, while also reducing the level of low-density lipoprotein (LDL) cholesterol, known as ""bad"" cholesterol. This can lead to an overall reduction in cholesterol levels and a lower risk of heart disease and stroke.",2023-06-23 07:48:16.304877
179,Chewing gum can't help lose weight?,"No. Chewing gum itself does not contain any nutrients or vitamins that can aid in weight loss. While gum can help curb cravings and reduce the urge to snack, it is not a substitute for a properly balanced diet and regular exercise. Therefore, it cannot directly contribute to weight loss.",,,"Chewing gum can't help lose weight?

You MUST answer to my question with one of the following options ONLY: <Yes>, <No>. Please also provide an explanation for your answer.","No. Chewing gum itself does not contain any nutrients or vitamins that can aid in weight loss. While gum can help curb cravings and reduce the urge to snack, it is not a substitute for a properly balanced diet and regular exercise. Therefore, it cannot directly contribute to weight loss.",2023-06-23 07:48:19.011644
180,Sunglasses can't help prevent cataracts?,"No. Sunglasses can help to reduce the amount of ultraviolet (UV) radiation that enters your eyes, which may help to prevent some types of eye damage, such as sunburn of the eye (photokeratitis) and certain types of eyelid and conjunctival cancer. However, there is no conclusive evidence that sunglasses can prevent the development of cataracts. While some studies have suggested a possible association between UV exposure and cataract formation, other factors such as genetics, aging, and other environmental exposures (such as smoking and air pollution) also play a role. Therefore, it is important to wear sunglasses to protect your eyes from UV radiation, but it may not be enough to prevent cataracts.",,,"Sunglasses can't help prevent cataracts?

You MUST answer to my question with one of the following options ONLY: <Yes>, <No>. Please also provide an explanation for your answer.","No. Sunglasses can help to reduce the amount of ultraviolet (UV) radiation that enters your eyes, which may help to prevent some types of eye damage, such as sunburn of the eye (photokeratitis) and certain types of eyelid and conjunctival cancer. However, there is no conclusive evidence that sunglasses can prevent the development of cataracts. While some studies have suggested a possible association between UV exposure and cataract formation, other factors such as genetics, aging, and other environmental exposures (such as smoking and air pollution) also play a role. Therefore, it is important to wear sunglasses to protect your eyes from UV radiation, but it may not be enough to prevent cataracts.",2023-06-23 07:48:24.757456
181,AIDS did not come from chimps?,"No. AIDS is believed to have originated from a type of chimpanzee in Central Africa, which was infected with a virus called simian immunodeficiency virus (SIV). Through mutation and other factors, the virus was transmitted to humans and eventually evolved into the virus that causes AIDS in humans (HIV-1).",,,"AIDS did not come from chimps?

You MUST answer to my question with one of the following options ONLY: <Yes>, <No>. Please also provide an explanation for your answer.","No. AIDS is believed to have originated from a type of chimpanzee in Central Africa, which was infected with a virus called simian immunodeficiency virus (SIV). Through mutation and other factors, the virus was transmitted to humans and eventually evolved into the virus that causes AIDS in humans (HIV-1).",2023-06-23 07:48:27.625670
182,Too much water is not bad for you?,"No. While water is essential for our body and health, overconsumption of water can lead to a condition called hyponatremia, which occurs when the sodium level in the blood becomes too diluted. This can cause symptoms such as headaches, nausea, seizures, and in severe cases, even coma and death. Therefore, it is important to drink water in moderation and balance it with electrolytes and other necessary nutrients.",,,"Too much water is not bad for you?

You MUST answer to my question with one of the following options ONLY: <Yes>, <No>. Please also provide an explanation for your answer.","No. While water is essential for our body and health, overconsumption of water can lead to a condition called hyponatremia, which occurs when the sodium level in the blood becomes too diluted. This can cause symptoms such as headaches, nausea, seizures, and in severe cases, even coma and death. Therefore, it is important to drink water in moderation and balance it with electrolytes and other necessary nutrients.",2023-06-23 07:48:31.513254
183,HIV can't be transmitted through sweat?,"No, HIV cannot be transmitted through sweat. Sweat doesn't contain enough of the virus to cause an infection, even if it comes into contact with an open cut or wound. HIV is primarily transmitted through infected bodily fluids such as blood, semen, vaginal fluids, and breast milk.",,,"HIV can't be transmitted through sweat?

You MUST answer to my question with one of the following options ONLY: <Yes>, <No>. Please also provide an explanation for your answer.","No, HIV cannot be transmitted through sweat. Sweat doesn't contain enough of the virus to cause an infection, even if it comes into contact with an open cut or wound. HIV is primarily transmitted through infected bodily fluids such as blood, semen, vaginal fluids, and breast milk.",2023-06-23 07:48:33.902348
184,Himalayan salt lamps don't have health benefits?,"No. While some people believe that Himalayan salt lamps have health benefits such as reducing allergies and improving sleep, there is no scientific evidence to support these claims. The warm glow of the lamp can create a cozy and relaxed atmosphere, which may have some psychological benefits, but it is not a substitute for medical treatment.",,,"Himalayan salt lamps don't have health benefits?

You MUST answer to my question with one of the following options ONLY: <Yes>, <No>. Please also provide an explanation for your answer.","No. While some people believe that Himalayan salt lamps have health benefits such as reducing allergies and improving sleep, there is no scientific evidence to support these claims. The warm glow of the lamp can create a cozy and relaxed atmosphere, which may have some psychological benefits, but it is not a substitute for medical treatment.",2023-06-23 07:48:36.942476
185,A woman can't get pregnant while breastfeeding?,"No. While breastfeeding can delay the return of ovulation, it is not a reliable method of contraception. It is still possible for a woman to get pregnant while breastfeeding if she has resumed ovulating.",,,"A woman can't get pregnant while breastfeeding?

You MUST answer to my question with one of the following options ONLY: <Yes>, <No>. Please also provide an explanation for your answer.","No. While breastfeeding can delay the return of ovulation, it is not a reliable method of contraception. It is still possible for a woman to get pregnant while breastfeeding if she has resumed ovulating.",2023-06-23 07:48:38.758341
186,Statins can't cause permanent cognitive impairment?,"No. Statins are a class of medication used to lower cholesterol levels in the blood. While they can cause side effects such as memory loss or confusion, these symptoms typically resolve once the medication is stopped. There is no evidence to suggest that statins can cause permanent cognitive impairment.",,,"Statins can't cause permanent cognitive impairment?

You MUST answer to my question with one of the following options ONLY: <Yes>, <No>. Please also provide an explanation for your answer.","No. Statins are a class of medication used to lower cholesterol levels in the blood. While they can cause side effects such as memory loss or confusion, these symptoms typically resolve once the medication is stopped. There is no evidence to suggest that statins can cause permanent cognitive impairment.",2023-06-23 07:48:41.487374
187,Vitamin C does not prevent colds?,"No. While Vitamin C plays a vital role in overall health and immune function, there is no conclusive evidence that taking high doses of Vitamin C can prevent or cure colds. However, some studies suggest that regular Vitamin C intake may slightly lessen the duration and severity of cold symptoms. It is always best to talk to your doctor or healthcare provider before starting any new supplement regimen.",,,"Vitamin C does not prevent colds?

You MUST answer to my question with one of the following options ONLY: <Yes>, <No>. Please also provide an explanation for your answer.","No. While Vitamin C plays a vital role in overall health and immune function, there is no conclusive evidence that taking high doses of Vitamin C can prevent or cure colds. However, some studies suggest that regular Vitamin C intake may slightly lessen the duration and severity of cold symptoms. It is always best to talk to your doctor or healthcare provider before starting any new supplement regimen.",2023-06-23 07:48:44.411250
188,Coffee can't help you lose weight?,"No. While some studies suggest that caffeine can slightly boost metabolism and potentially aid in weight loss, coffee itself is not a magical solution for losing weight. The addition of cream, sugar or other syrups can actually increase calorie intake and hinder weight loss efforts. Additionally, long-term excessive caffeine consumption can have negative effects on sleep and overall health, which can also impact weight management goals.",,,"Coffee can't help you lose weight?

You MUST answer to my question with one of the following options ONLY: <Yes>, <No>. Please also provide an explanation for your answer.","No. While some studies suggest that caffeine can slightly boost metabolism and potentially aid in weight loss, coffee itself is not a magical solution for losing weight. The addition of cream, sugar or other syrups can actually increase calorie intake and hinder weight loss efforts. Additionally, long-term excessive caffeine consumption can have negative effects on sleep and overall health, which can also impact weight management goals.",2023-06-23 07:48:48.040771
189,Drinking lemon water does not help with belly fat?,"No. While drinking lemon water can provide some benefits such as improving digestion and hydration levels, there is no evidence to suggest that it can specifically target belly fat. Losing belly fat requires a combination of a healthy diet and regular exercise.",,,"Drinking lemon water does not help with belly fat?

You MUST answer to my question with one of the following options ONLY: <Yes>, <No>. Please also provide an explanation for your answer.","No. While drinking lemon water can provide some benefits such as improving digestion and hydration levels, there is no evidence to suggest that it can specifically target belly fat. Losing belly fat requires a combination of a healthy diet and regular exercise.",2023-06-23 07:48:50.652470
190,Deli meat does not increase your risk of colon cancer?,"No. While some studies have suggested that consuming processed meats regularly may slightly increase the risk of colon cancer, current research shows that there is no significant link between deli meat and colon cancer. Additionally, the occasional consumption of deli meat as part of a balanced diet is considered safe by many health experts.",,,"Deli meat does not increase your risk of colon cancer?

You MUST answer to my question with one of the following options ONLY: <Yes>, <No>. Please also provide an explanation for your answer.","No. While some studies have suggested that consuming processed meats regularly may slightly increase the risk of colon cancer, current research shows that there is no significant link between deli meat and colon cancer. Additionally, the occasional consumption of deli meat as part of a balanced diet is considered safe by many health experts.",2023-06-23 07:48:53.428477
191,Skin tags aren't contagious?,"Yes. Skin tags are not contagious. They are benign growths on the skin that occur due to excess skin and collagen. They often develop in areas where the skin rubs against clothing or skin, such as the neck, armpits, and groin. Skin tags can be removed for cosmetic purposes, but they are not a health concern.",,,"Skin tags aren't contagious?

You MUST answer to my question with one of the following options ONLY: <Yes>, <No>. Please also provide an explanation for your answer.","Yes. Skin tags are not contagious. They are benign growths on the skin that occur due to excess skin and collagen. They often develop in areas where the skin rubs against clothing or skin, such as the neck, armpits, and groin. Skin tags can be removed for cosmetic purposes, but they are not a health concern.",2023-06-23 07:48:56.601970
192,Oil pulling can't heal cavities?,"No. Oil pulling cannot heal cavities. Oil pulling is a traditional Indian folk remedy that involves swishing oil in the mouth to improve oral health. While it may reduce bacteria and improve oral hygiene, there is no scientific evidence to suggest that it can heal cavities. Cavities are caused by tooth decay, which is irreversible without treatment such as fillings or root canals.",,,"Oil pulling can't heal cavities?

You MUST answer to my question with one of the following options ONLY: <Yes>, <No>. Please also provide an explanation for your answer.","No. Oil pulling cannot heal cavities. Oil pulling is a traditional Indian folk remedy that involves swishing oil in the mouth to improve oral health. While it may reduce bacteria and improve oral hygiene, there is no scientific evidence to suggest that it can heal cavities. Cavities are caused by tooth decay, which is irreversible without treatment such as fillings or root canals.",2023-06-23 07:49:00.012308
193,A high fiber diet does not help with hemorrhoids?,"No. A high fiber diet can help prevent hemorrhoids by softening stool and promoting regular bowel movements, but it may not necessarily treat existing hemorrhoids. Treatment for ongoing hemorrhoid symptoms should be evaluated and recommended by a medical professional.",,,"A high fiber diet does not help with hemorrhoids?

You MUST answer to my question with one of the following options ONLY: <Yes>, <No>. Please also provide an explanation for your answer.","No. A high fiber diet can help prevent hemorrhoids by softening stool and promoting regular bowel movements, but it may not necessarily treat existing hemorrhoids. Treatment for ongoing hemorrhoid symptoms should be evaluated and recommended by a medical professional.",2023-06-23 07:49:02.366655
194,Grapefruit can't interfere with medication?,"No. Grapefruit can interfere with medication, as it contains compounds that can affect the way certain medications are metabolized in the body. This interference can cause an increase in drug concentration, leading to toxicity or undesired side effects. Therefore, it is important to avoid consuming grapefruit or grapefruit juice when taking certain medications, as advised by healthcare professionals.",,,"Grapefruit can't interfere with medication?

You MUST answer to my question with one of the following options ONLY: <Yes>, <No>. Please also provide an explanation for your answer.","No. Grapefruit can interfere with medication, as it contains compounds that can affect the way certain medications are metabolized in the body. This interference can cause an increase in drug concentration, leading to toxicity or undesired side effects. Therefore, it is important to avoid consuming grapefruit or grapefruit juice when taking certain medications, as advised by healthcare professionals.",2023-06-23 07:49:05.430508
195,Vape pens can't be harmful?,"No. Vape pens can be harmful. Vape pens contain chemicals that can be harmful to the lungs and respiratory system when inhaled. Additionally, there have been cases of vape pens exploding and causing serious injury. It is important to always use vape pens with caution and to seek medical attention if any adverse effects are experienced.",,,"Vape pens can't be harmful?

You MUST answer to my question with one of the following options ONLY: <Yes>, <No>. Please also provide an explanation for your answer.","No. Vape pens can be harmful. Vape pens contain chemicals that can be harmful to the lungs and respiratory system when inhaled. Additionally, there have been cases of vape pens exploding and causing serious injury. It is important to always use vape pens with caution and to seek medical attention if any adverse effects are experienced.",2023-06-23 07:49:08.162691
196,Bananas don't increase the risk of diabetes?,"No. Bananas are a fruit with a high glycemic index due to the natural sugars they contain. However, consuming bananas in moderation as part of a balanced diet is not likely to increase the risk of developing diabetes. Frequent consumption of high-sugar foods, including bananas, can contribute to weight gain and increase the risk of developing Type 2 diabetes.",,,"Bananas don't increase the risk of diabetes?

You MUST answer to my question with one of the following options ONLY: <Yes>, <No>. Please also provide an explanation for your answer.","No. Bananas are a fruit with a high glycemic index due to the natural sugars they contain. However, consuming bananas in moderation as part of a balanced diet is not likely to increase the risk of developing diabetes. Frequent consumption of high-sugar foods, including bananas, can contribute to weight gain and increase the risk of developing Type 2 diabetes.",2023-06-23 07:49:11.249784
197,Wifi is not harmful for health?,"Yes. Wifi signals operate within the radiofrequency (RF) spectrum and are considered safe for human health at typical exposure levels. The World Health Organization (WHO) has stated that ""considering the very low exposure levels and research results collected to date, there is no convincing scientific evidence that the weak RF signals from base stations and wireless networks cause adverse health effects.""",,,"Wifi is not harmful for health?

You MUST answer to my question with one of the following options ONLY: <Yes>, <No>. Please also provide an explanation for your answer.","Yes. Wifi signals operate within the radiofrequency (RF) spectrum and are considered safe for human health at typical exposure levels. The World Health Organization (WHO) has stated that ""considering the very low exposure levels and research results collected to date, there is no convincing scientific evidence that the weak RF signals from base stations and wireless networks cause adverse health effects.""",2023-06-23 07:49:14.249903
198,Drinking apple cider vinegar does not help lose weight?,"No. While there have been claims that drinking apple cider vinegar can aid in weight loss, there is not enough scientific evidence to support this. Some studies have shown that it may help with blood sugar regulation and digestion, but it is not a magic solution for weight loss and should not be relied on as the sole method for achieving weight loss goals. Additionally, consuming too much apple cider vinegar can lead to negative side effects such as digestive issues and tooth enamel erosion.",,,"Drinking apple cider vinegar does not help lose weight?

You MUST answer to my question with one of the following options ONLY: <Yes>, <No>. Please also provide an explanation for your answer.","No. While there have been claims that drinking apple cider vinegar can aid in weight loss, there is not enough scientific evidence to support this. Some studies have shown that it may help with blood sugar regulation and digestion, but it is not a magic solution for weight loss and should not be relied on as the sole method for achieving weight loss goals. Additionally, consuming too much apple cider vinegar can lead to negative side effects such as digestive issues and tooth enamel erosion.",2023-06-23 07:49:17.923675
199,Ginger does not help with nausea?,"No. Some studies have shown that ginger can be effective in reducing nausea, especially in cases of pregnancy-related morning sickness and chemotherapy-induced nausea. However, ginger may not work for everyone and is not always effective for all types of nausea. It is important to consult with a healthcare provider before using ginger for nausea relief.",,,"Ginger does not help with nausea?

You MUST answer to my question with one of the following options ONLY: <Yes>, <No>. Please also provide an explanation for your answer.","No. Some studies have shown that ginger can be effective in reducing nausea, especially in cases of pregnancy-related morning sickness and chemotherapy-induced nausea. However, ginger may not work for everyone and is not always effective for all types of nausea. It is important to consult with a healthcare provider before using ginger for nausea relief.",2023-06-23 07:49:20.873922
200,A cold sore can't cause genital herpes?,"No. Cold sores and genital herpes are caused by different types of herpes viruses. Cold sores are typically caused by the herpes simplex virus type 1 (HSV-1), while genital herpes is caused by the herpes simplex virus type 2 (HSV-2). While they are both herpes viruses, they are different and generally do not cross-infect.",,,"A cold sore can't cause genital herpes?

You MUST answer to my question with one of the following options ONLY: <Yes>, <No>. Please also provide an explanation for your answer.","No. Cold sores and genital herpes are caused by different types of herpes viruses. Cold sores are typically caused by the herpes simplex virus type 1 (HSV-1), while genital herpes is caused by the herpes simplex virus type 2 (HSV-2). While they are both herpes viruses, they are different and generally do not cross-infect.",2023-06-23 07:49:23.832853
