qid,question,prediction,stance,passage_id,prompt,answer
101,Will wearing an ankle brace help heal achilles tendonitis?,"No.

Wearing an ankle brace may help provide support and stability to the ankle joint, but it will not directly heal Achilles tendonitis. Achilles tendonitis is an overuse injury that results from repetitive stress and strain on the Achilles tendon, which connects the calf muscles to the heel bone.

Treatment for Achilles tendonitis typically includes rest, ice, compression, and elevation (RICE), as well as physical therapy and exercises to stretch and strengthen the calf muscles. In some cases, nonsteroidal anti-inflammatory drugs (NSAIDs) may be recommended to help reduce pain and inflammation.

If left untreated, Achilles tendonitis can progress to a more serious condition known as Achilles tendinosis, which involves degeneration of the tendon fibers. In severe cases, surgery may be necessary to repair or remove damaged tissue.

Therefore, while an ankle brace may provide some support and comfort during the healing process, it is not a substitute for proper treatment and care for Achilles tendonitis. It's important to seek medical advice from a qualified healthcare professional for a proper diagnosis and treatment plan.",,,"Will wearing an ankle brace help heal achilles tendonitis?

You MUST answer to my question with one of the following options ONLY: <Yes>, <No>. Please also provide an explanation for your answer.","No.

Wearing an ankle brace may help provide support and stability to the ankle joint, but it will not directly heal Achilles tendonitis. Achilles tendonitis is an overuse injury that results from repetitive stress and strain on the Achilles tendon, which connects the calf muscles to the heel bone.

Treatment for Achilles tendonitis typically includes rest, ice, compression, and elevation (RICE), as well as physical therapy and exercises to stretch and strengthen the calf muscles. In some cases, nonsteroidal anti-inflammatory drugs (NSAIDs) may be recommended to help reduce pain and inflammation.

If left untreated, Achilles tendonitis can progress to a more serious condition known as Achilles tendinosis, which involves degeneration of the tendon fibers. In severe cases, surgery may be necessary to repair or remove damaged tissue.

Therefore, while an ankle brace may provide some support and comfort during the healing process, it is not a substitute for proper treatment and care for Achilles tendonitis. It's important to seek medical advice from a qualified healthcare professional for a proper diagnosis and treatment plan."
102,Is a tepid sponge bath a good way to reduce fever in children?,"Yes.

A tepid sponge bath can be a helpful way to reduce fever in children. The lukewarm water can help to bring down the child's body temperature and make them feel more comfortable. However, it's important to make sure that the water is not too cold or too hot, as extreme temperatures can be harmful. Additionally, a sponge bath should not be relied upon as the sole method of treating a fever. If a child has a high fever or other symptoms, it's important to seek medical advice from a healthcare professional.",,,"Is a tepid sponge bath a good way to reduce fever in children?

You MUST answer to my question with one of the following options ONLY: <Yes>, <No>. Please also provide an explanation for your answer.","Yes.

A tepid sponge bath can be a helpful way to reduce fever in children. The lukewarm water can help to bring down the child's body temperature and make them feel more comfortable. However, it's important to make sure that the water is not too cold or too hot, as extreme temperatures can be harmful. Additionally, a sponge bath should not be relied upon as the sole method of treating a fever. If a child has a high fever or other symptoms, it's important to seek medical advice from a healthcare professional."
103,Can folic acid help improve cognition and treat dementia?,"No.

Folic acid is an essential B-vitamin that is necessary for several processes in the body, including the formation of red blood cells and DNA synthesis. While folic acid is important for overall health, there is currently no evidence to suggest that it can help improve cognition or treat dementia.

There have been some studies that have investigated the potential benefits of folic acid on cognitive function and dementia, but the results have been mixed. Some studies have shown a correlation between low levels of folate (the natural form of folic acid found in food) and an increased risk of cognitive decline and dementia, while others have found no significant link.

Additionally, while folic acid supplementation may be beneficial for certain populations, such as pregnant women, it can also be harmful in high doses. Excessive intake of folic acid can mask a vitamin B12 deficiency, which can lead to neurological damage.

Overall, while folic acid is an important nutrient for overall health, there is currently no strong evidence to support its use as a treatment for cognitive decline or dementia.",,,"Can folic acid help improve cognition and treat dementia?

You MUST answer to my question with one of the following options ONLY: <Yes>, <No>. Please also provide an explanation for your answer.","No.

Folic acid is an essential B-vitamin that is necessary for several processes in the body, including the formation of red blood cells and DNA synthesis. While folic acid is important for overall health, there is currently no evidence to suggest that it can help improve cognition or treat dementia.

There have been some studies that have investigated the potential benefits of folic acid on cognitive function and dementia, but the results have been mixed. Some studies have shown a correlation between low levels of folate (the natural form of folic acid found in food) and an increased risk of cognitive decline and dementia, while others have found no significant link.

Additionally, while folic acid supplementation may be beneficial for certain populations, such as pregnant women, it can also be harmful in high doses. Excessive intake of folic acid can mask a vitamin B12 deficiency, which can lead to neurological damage.

Overall, while folic acid is an important nutrient for overall health, there is currently no strong evidence to support its use as a treatment for cognitive decline or dementia."
104,Does duct tape work for wart removal?,"No.

While some people claim that duct tape can be effective for wart removal, there is little scientific evidence to support this claim. Warts are caused by a viral infection, and duct tape is not an antiviral treatment. Additionally, the effectiveness of duct tape may depend on the type of wart and individual factors, and it is not a recommended treatment by medical professionals. There are various other medically approved treatments available for wart removal, such as cryotherapy or chemical treatments, that are more likely to be effective. Therefore, it is not recommended to rely solely on duct tape for wart removal.",,,"Does duct tape work for wart removal?

You MUST answer to my question with one of the following options ONLY: <Yes>, <No>. Please also provide an explanation for your answer.","No.

While some people claim that duct tape can be effective for wart removal, there is little scientific evidence to support this claim. Warts are caused by a viral infection, and duct tape is not an antiviral treatment. Additionally, the effectiveness of duct tape may depend on the type of wart and individual factors, and it is not a recommended treatment by medical professionals. There are various other medically approved treatments available for wart removal, such as cryotherapy or chemical treatments, that are more likely to be effective. Therefore, it is not recommended to rely solely on duct tape for wart removal."
105,Should I apply ice to a burn?,"Yes. 

Applying ice to a burn can help to reduce pain and swelling by constricting blood vessels in the affected area. However, it's important to be careful when applying ice to a burn, as direct contact with ice can cause further tissue damage. It's recommended to wrap the ice in a towel or use a cold, wet compress instead of applying ice directly to the skin. It's also important to limit the amount of time that ice is applied to a burn, as prolonged exposure can damage the skin further. If the burn is severe or covers a large area of the body, seek medical attention immediately.",,,"Should I apply ice to a burn?

You MUST answer to my question with one of the following options ONLY: <Yes>, <No>. Please also provide an explanation for your answer.","Yes. 

Applying ice to a burn can help to reduce pain and swelling by constricting blood vessels in the affected area. However, it's important to be careful when applying ice to a burn, as direct contact with ice can cause further tissue damage. It's recommended to wrap the ice in a towel or use a cold, wet compress instead of applying ice directly to the skin. It's also important to limit the amount of time that ice is applied to a burn, as prolonged exposure can damage the skin further. If the burn is severe or covers a large area of the body, seek medical attention immediately."
106,Can vitamin b12 and sun exposure together help treat vitiligo?,"No.

While vitamin B12 is essential for the proper functioning of the nervous system and the production of red blood cells, and sun exposure can help with vitamin D production, there is no evidence to suggest that vitamin B12 and sun exposure together can help treat vitiligo. 

Vitiligo is a skin condition that occurs when the cells that produce melanin, the pigment that gives color to the skin, are destroyed. The exact cause of vitiligo is not known, but it is thought to be an autoimmune disorder. 

The treatment of vitiligo typically involves the use of topical corticosteroids, topical calcineurin inhibitors, phototherapy, and in some cases, oral medications or surgical procedures. While maintaining adequate levels of vitamin B12 and getting enough sun exposure are important for overall health, they are not considered effective treatments for vitiligo. Therefore, vitamin B12 and sun exposure alone cannot be relied upon to treat vitiligo.",,,"Can vitamin b12 and sun exposure together help treat vitiligo?

You MUST answer to my question with one of the following options ONLY: <Yes>, <No>. Please also provide an explanation for your answer.","No.

While vitamin B12 is essential for the proper functioning of the nervous system and the production of red blood cells, and sun exposure can help with vitamin D production, there is no evidence to suggest that vitamin B12 and sun exposure together can help treat vitiligo. 

Vitiligo is a skin condition that occurs when the cells that produce melanin, the pigment that gives color to the skin, are destroyed. The exact cause of vitiligo is not known, but it is thought to be an autoimmune disorder. 

The treatment of vitiligo typically involves the use of topical corticosteroids, topical calcineurin inhibitors, phototherapy, and in some cases, oral medications or surgical procedures. While maintaining adequate levels of vitamin B12 and getting enough sun exposure are important for overall health, they are not considered effective treatments for vitiligo. Therefore, vitamin B12 and sun exposure alone cannot be relied upon to treat vitiligo."
107,Does yoga improve the management of asthma?,"Yes.

There is evidence to suggest that practicing yoga can improve the management of asthma. Yoga involves a combination of physical postures, breathing techniques, and relaxation practices that can improve lung function, reduce inflammation, and promote overall respiratory health.

Several studies have demonstrated the benefits of yoga in managing asthma symptoms. For example, a 2016 study published in the Journal of Ayurveda and Integrative Medicine found that a 12-week yoga program improved lung function and reduced asthma symptoms in participants compared to a control group. Another study published in the Annals of Allergy, Asthma & Immunology in 2014 found that regular yoga practice led to a significant improvement in asthma-related quality of life and reduced medication use.

Overall, while more research is needed, the evidence suggests that yoga can be a helpful adjunct therapy for people with asthma. However, it's important for individuals with asthma to consult with their healthcare provider before starting any new exercise program.",,,"Does yoga improve the management of asthma?

You MUST answer to my question with one of the following options ONLY: <Yes>, <No>. Please also provide an explanation for your answer.","Yes.

There is evidence to suggest that practicing yoga can improve the management of asthma. Yoga involves a combination of physical postures, breathing techniques, and relaxation practices that can improve lung function, reduce inflammation, and promote overall respiratory health.

Several studies have demonstrated the benefits of yoga in managing asthma symptoms. For example, a 2016 study published in the Journal of Ayurveda and Integrative Medicine found that a 12-week yoga program improved lung function and reduced asthma symptoms in participants compared to a control group. Another study published in the Annals of Allergy, Asthma & Immunology in 2014 found that regular yoga practice led to a significant improvement in asthma-related quality of life and reduced medication use.

Overall, while more research is needed, the evidence suggests that yoga can be a helpful adjunct therapy for people with asthma. However, it's important for individuals with asthma to consult with their healthcare provider before starting any new exercise program."
108,Is starving a fever effective?,"No.

There is no scientific evidence to support the idea that starving a fever is an effective method to reduce symptoms or shorten the duration of a fever. In fact, not eating during a fever can actually be counterproductive as the body needs nutrients to fight off the infection causing the fever. It is important to stay hydrated and consume a balanced diet, including fruits and vegetables, to support the body's immune system during an illness. If you are concerned about your fever or other symptoms, it is always best to consult with a healthcare professional.",,,"Is starving a fever effective?

You MUST answer to my question with one of the following options ONLY: <Yes>, <No>. Please also provide an explanation for your answer.","No.

There is no scientific evidence to support the idea that starving a fever is an effective method to reduce symptoms or shorten the duration of a fever. In fact, not eating during a fever can actually be counterproductive as the body needs nutrients to fight off the infection causing the fever. It is important to stay hydrated and consume a balanced diet, including fruits and vegetables, to support the body's immune system during an illness. If you are concerned about your fever or other symptoms, it is always best to consult with a healthcare professional."
109,Does selenium help prevent cancer?,"No.

Selenium is an essential mineral that is important for various bodily functions, including a healthy immune system and thyroid function. While some studies have suggested that selenium may have a role in preventing certain types of cancer, such as prostate cancer, the evidence is not strong enough to make a definitive recommendation for cancer prevention. Additionally, excessive selenium intake can be harmful and increase the risk of certain cancers. Therefore, it is important to obtain selenium from a balanced diet and not to rely solely on supplements.",,,"Does selenium help prevent cancer?

You MUST answer to my question with one of the following options ONLY: <Yes>, <No>. Please also provide an explanation for your answer.","No.

Selenium is an essential mineral that is important for various bodily functions, including a healthy immune system and thyroid function. While some studies have suggested that selenium may have a role in preventing certain types of cancer, such as prostate cancer, the evidence is not strong enough to make a definitive recommendation for cancer prevention. Additionally, excessive selenium intake can be harmful and increase the risk of certain cancers. Therefore, it is important to obtain selenium from a balanced diet and not to rely solely on supplements."
110,Will taking birth control pills treat an ovarian cyst?,"No.

Explanation: While birth control pills may help prevent the formation of new ovarian cysts, they are not typically used to treat existing cysts. In some cases, a doctor may prescribe birth control pills as a temporary treatment to help shrink an ovarian cyst, but this is not a guaranteed solution and is not appropriate for all types of cysts. Treatment options for ovarian cysts will depend on factors such as the type and size of the cyst, as well as the symptoms it is causing. It's important to discuss treatment options with a healthcare provider who can provide personalized advice based on individual circumstances.",,,"Will taking birth control pills treat an ovarian cyst?

You MUST answer to my question with one of the following options ONLY: <Yes>, <No>. Please also provide an explanation for your answer.","No.

Explanation: While birth control pills may help prevent the formation of new ovarian cysts, they are not typically used to treat existing cysts. In some cases, a doctor may prescribe birth control pills as a temporary treatment to help shrink an ovarian cyst, but this is not a guaranteed solution and is not appropriate for all types of cysts. Treatment options for ovarian cysts will depend on factors such as the type and size of the cyst, as well as the symptoms it is causing. It's important to discuss treatment options with a healthcare provider who can provide personalized advice based on individual circumstances."
111,Will taking zinc supplements improve pregnancy?,"No.

While zinc is an essential nutrient that plays a crucial role in many physiological processes, including immune function and DNA synthesis, taking zinc supplements during pregnancy does not necessarily improve pregnancy outcomes. 

",,,"Will taking zinc supplements improve pregnancy?

You MUST answer to my question with one of the following options ONLY: <Yes>, <No>. Please also provide an explanation for your answer.","No.

While zinc is an essential nutrient that plays a crucial role in many physiological processes, including immune function and DNA synthesis, taking zinc supplements during pregnancy does not necessarily improve pregnancy outcomes. 

"
112,Can evening primrose oil help treat eczema?,"Yes.

Evening primrose oil is a natural oil that contains a high concentration of gamma-linolenic acid (GLA), an omega-6 fatty acid that has anti-inflammatory properties. Eczema is an inflammatory skin condition, and some studies have suggested that taking evening primrose oil supplements can help reduce eczema symptoms such as redness, itching, and swelling. However, more research is needed to confirm the effectiveness of evening primrose oil in treating eczema, and it should not be used as a substitute for medical treatment prescribed by a doctor. It's important to consult with a healthcare provider before taking any supplements or making changes to your eczema treatment plan.",,,"Can evening primrose oil help treat eczema?

You MUST answer to my question with one of the following options ONLY: <Yes>, <No>. Please also provide an explanation for your answer.","Yes.

Evening primrose oil is a natural oil that contains a high concentration of gamma-linolenic acid (GLA), an omega-6 fatty acid that has anti-inflammatory properties. Eczema is an inflammatory skin condition, and some studies have suggested that taking evening primrose oil supplements can help reduce eczema symptoms such as redness, itching, and swelling. However, more research is needed to confirm the effectiveness of evening primrose oil in treating eczema, and it should not be used as a substitute for medical treatment prescribed by a doctor. It's important to consult with a healthcare provider before taking any supplements or making changes to your eczema treatment plan."
113,Do ankle braces help heal an ankle fracture?,"No.

Ankle braces are not designed to heal an ankle fracture. An ankle fracture is a serious injury that requires medical attention and proper treatment, such as immobilization, rest, ice, compression, and elevation (RICE) protocol, and in some cases, surgery. Ankle braces may be used in the later stages of healing or during rehabilitation to provide support and prevent re-injury, but they cannot heal a fracture on their own. Therefore, it is important to seek medical attention and follow the appropriate treatment plan to properly heal an ankle fracture.",,,"Do ankle braces help heal an ankle fracture?

You MUST answer to my question with one of the following options ONLY: <Yes>, <No>. Please also provide an explanation for your answer.","No.

Ankle braces are not designed to heal an ankle fracture. An ankle fracture is a serious injury that requires medical attention and proper treatment, such as immobilization, rest, ice, compression, and elevation (RICE) protocol, and in some cases, surgery. Ankle braces may be used in the later stages of healing or during rehabilitation to provide support and prevent re-injury, but they cannot heal a fracture on their own. Therefore, it is important to seek medical attention and follow the appropriate treatment plan to properly heal an ankle fracture."
114,Can applying vitamin E cream remove skin scars?,"No.

While vitamin E is often marketed as a remedy for scars, the evidence for its effectiveness is limited and mixed. Some studies suggest that topical application of vitamin E can improve the appearance of scars, while others have found no significant benefit or even negative effects, such as skin irritation or allergic reactions. Furthermore, some scars, such as keloids, may not respond to topical treatments like vitamin E and may require more aggressive medical interventions like surgery or corticosteroid injections. Therefore, while vitamin E cream may be a safe and low-risk option to try, it is not a guaranteed or proven solution for scar removal.",,,"Can applying vitamin E cream remove skin scars?

You MUST answer to my question with one of the following options ONLY: <Yes>, <No>. Please also provide an explanation for your answer.","No.

While vitamin E is often marketed as a remedy for scars, the evidence for its effectiveness is limited and mixed. Some studies suggest that topical application of vitamin E can improve the appearance of scars, while others have found no significant benefit or even negative effects, such as skin irritation or allergic reactions. Furthermore, some scars, such as keloids, may not respond to topical treatments like vitamin E and may require more aggressive medical interventions like surgery or corticosteroid injections. Therefore, while vitamin E cream may be a safe and low-risk option to try, it is not a guaranteed or proven solution for scar removal."
115,Can magnesium help prevent migraine?,"Yes.

Magnesium is believed to be helpful in preventing migraines. Some studies suggest that magnesium deficiency may contribute to the development of migraines, and that magnesium supplementation may be effective in reducing the frequency and severity of migraines in some people.

Additionally, magnesium has been shown to have a relaxing effect on blood vessels, which can help to reduce the constriction that can trigger migraines.

While magnesium is not a guaranteed cure for migraines and may not work for everyone, there is evidence to suggest that it can be a useful tool in managing this condition. It is always important to consult with a healthcare professional before starting any new supplement regimen.",,,"Can magnesium help prevent migraine?

You MUST answer to my question with one of the following options ONLY: <Yes>, <No>. Please also provide an explanation for your answer.","Yes.

Magnesium is believed to be helpful in preventing migraines. Some studies suggest that magnesium deficiency may contribute to the development of migraines, and that magnesium supplementation may be effective in reducing the frequency and severity of migraines in some people.

Additionally, magnesium has been shown to have a relaxing effect on blood vessels, which can help to reduce the constriction that can trigger migraines.

While magnesium is not a guaranteed cure for migraines and may not work for everyone, there is evidence to suggest that it can be a useful tool in managing this condition. It is always important to consult with a healthcare professional before starting any new supplement regimen."
116,Does exercise help manage diabetes?,"Yes.

Exercise can be a helpful tool in managing diabetes, particularly type 2 diabetes. When you exercise, your body uses more glucose for energy, which can help to lower blood glucose levels. Exercise can also improve insulin sensitivity, which can help your body use insulin more effectively. Additionally, exercise can help with weight management, which is important for people with type 2 diabetes as obesity is a risk factor for the disease.

However, it's important to note that people with diabetes should speak with their healthcare provider before starting or changing their exercise routine. Depending on their individual situation, certain types or amounts of exercise may not be appropriate, and adjustments to medication or diet may be necessary.",,,"Does exercise help manage diabetes?

You MUST answer to my question with one of the following options ONLY: <Yes>, <No>. Please also provide an explanation for your answer.","Yes.

Exercise can be a helpful tool in managing diabetes, particularly type 2 diabetes. When you exercise, your body uses more glucose for energy, which can help to lower blood glucose levels. Exercise can also improve insulin sensitivity, which can help your body use insulin more effectively. Additionally, exercise can help with weight management, which is important for people with type 2 diabetes as obesity is a risk factor for the disease.

However, it's important to note that people with diabetes should speak with their healthcare provider before starting or changing their exercise routine. Depending on their individual situation, certain types or amounts of exercise may not be appropriate, and adjustments to medication or diet may be necessary."
117,Can fermented milk help mitigate high blood pressure?,"Yes.

Fermented milk, such as kefir and yogurt, has been shown to have beneficial effects on blood pressure. Studies have demonstrated that consuming fermented dairy products can lead to a modest reduction in blood pressure, potentially due to their high content of bioactive peptides and other compounds that have been found to have antihypertensive properties. However, it's important to note that fermented milk should not be relied upon as the sole means of managing high blood pressure, and individuals with hypertension should work with their healthcare provider to develop a comprehensive treatment plan that addresses their specific needs.",,,"Can fermented milk help mitigate high blood pressure?

You MUST answer to my question with one of the following options ONLY: <Yes>, <No>. Please also provide an explanation for your answer.","Yes.

Fermented milk, such as kefir and yogurt, has been shown to have beneficial effects on blood pressure. Studies have demonstrated that consuming fermented dairy products can lead to a modest reduction in blood pressure, potentially due to their high content of bioactive peptides and other compounds that have been found to have antihypertensive properties. However, it's important to note that fermented milk should not be relied upon as the sole means of managing high blood pressure, and individuals with hypertension should work with their healthcare provider to develop a comprehensive treatment plan that addresses their specific needs."
118,Can dupixent treat eczema?,"Yes.

Dupixent (dupilumab) is an FDA-approved medication for treating moderate-to-severe atopic dermatitis, which is a type of eczema. It works by inhibiting certain proteins in the body that contribute to inflammation, thereby reducing the severity of symptoms such as redness, itching, and dryness of the skin. Dupixent is typically prescribed when other treatments have not provided adequate relief for eczema.",,,"Can dupixent treat eczema?

You MUST answer to my question with one of the following options ONLY: <Yes>, <No>. Please also provide an explanation for your answer.","Yes.

Dupixent (dupilumab) is an FDA-approved medication for treating moderate-to-severe atopic dermatitis, which is a type of eczema. It works by inhibiting certain proteins in the body that contribute to inflammation, thereby reducing the severity of symptoms such as redness, itching, and dryness of the skin. Dupixent is typically prescribed when other treatments have not provided adequate relief for eczema."
119,Does yoga help reduce pain from arthritis and improve physical function?,"Yes.

Yoga can be an effective form of exercise for people with arthritis. Several studies have shown that practicing yoga can help reduce joint pain and stiffness, improve physical function, and enhance overall well-being for people with arthritis.

Yoga can be modified to accommodate different levels of ability and types of arthritis, making it a suitable option for many people. Certain types of yoga, such as gentle or restorative yoga, may be particularly helpful for those with arthritis as they focus on slow movements and deep relaxation.

Additionally, practicing yoga can help reduce stress and anxiety, which can be beneficial for people with arthritis as stress can exacerbate symptoms. It is important to consult with a healthcare provider and a certified yoga instructor to determine the best approach to yoga for individual needs and abilities.",,,"Does yoga help reduce pain from arthritis and improve physical function?

You MUST answer to my question with one of the following options ONLY: <Yes>, <No>. Please also provide an explanation for your answer.","Yes.

Yoga can be an effective form of exercise for people with arthritis. Several studies have shown that practicing yoga can help reduce joint pain and stiffness, improve physical function, and enhance overall well-being for people with arthritis.

Yoga can be modified to accommodate different levels of ability and types of arthritis, making it a suitable option for many people. Certain types of yoga, such as gentle or restorative yoga, may be particularly helpful for those with arthritis as they focus on slow movements and deep relaxation.

Additionally, practicing yoga can help reduce stress and anxiety, which can be beneficial for people with arthritis as stress can exacerbate symptoms. It is important to consult with a healthcare provider and a certified yoga instructor to determine the best approach to yoga for individual needs and abilities."
120,Can the drug Imitrex (sumatriptan) treat acute migraine attacks?,"Yes.

Imitrex (sumatriptan) is a medication that is commonly used to treat acute migraine attacks. It works by narrowing blood vessels in the brain and reducing the release of certain substances that can cause inflammation and pain. Clinical studies have shown that Imitrex is effective in relieving migraine symptoms in a significant number of patients, including headache pain, nausea, and sensitivity to light and sound. However, like any medication, Imitrex may not be effective for everyone and may cause side effects in some people. It's important to discuss the use of Imitrex with your healthcare provider to determine if it's an appropriate treatment option for your individual needs.",,,"Can the drug Imitrex (sumatriptan) treat acute migraine attacks?

You MUST answer to my question with one of the following options ONLY: <Yes>, <No>. Please also provide an explanation for your answer.","Yes.

Imitrex (sumatriptan) is a medication that is commonly used to treat acute migraine attacks. It works by narrowing blood vessels in the brain and reducing the release of certain substances that can cause inflammation and pain. Clinical studies have shown that Imitrex is effective in relieving migraine symptoms in a significant number of patients, including headache pain, nausea, and sensitivity to light and sound. However, like any medication, Imitrex may not be effective for everyone and may cause side effects in some people. It's important to discuss the use of Imitrex with your healthcare provider to determine if it's an appropriate treatment option for your individual needs."
121,Will buying a light therapy lamp help treat depression?,"Yes.

Light therapy lamps can be an effective treatment for depression, particularly for individuals with seasonal affective disorder (SAD) or those who experience symptoms of depression during the winter months when there is less natural sunlight. Light therapy lamps emit bright light that mimics natural outdoor light, which can help regulate the body's circadian rhythm and improve mood. Light therapy is generally considered safe, although it is important to use the lamp as directed and to discuss its use with a healthcare provider to determine if it is an appropriate treatment option.",,,"Will buying a light therapy lamp help treat depression?

You MUST answer to my question with one of the following options ONLY: <Yes>, <No>. Please also provide an explanation for your answer.","Yes.

Light therapy lamps can be an effective treatment for depression, particularly for individuals with seasonal affective disorder (SAD) or those who experience symptoms of depression during the winter months when there is less natural sunlight. Light therapy lamps emit bright light that mimics natural outdoor light, which can help regulate the body's circadian rhythm and improve mood. Light therapy is generally considered safe, although it is important to use the lamp as directed and to discuss its use with a healthcare provider to determine if it is an appropriate treatment option."
122,Does Aleve relieve migraine headaches?,"Yes.

Aleve (naproxen) is a nonsteroidal anti-inflammatory drug (NSAID) that is commonly used to treat mild to moderate pain, including headaches. It works by reducing inflammation and pain in the body. Migraine headaches are a type of headache that can be very painful and are often associated with inflammation. Therefore, Aleve can be an effective option for relieving migraine headaches. However, it's important to note that not all migraines are the same and some may require more specialized treatment. It's always a good idea to talk to a doctor or healthcare provider to determine the best treatment plan for your specific migraine symptoms.",,,"Does Aleve relieve migraine headaches?

You MUST answer to my question with one of the following options ONLY: <Yes>, <No>. Please also provide an explanation for your answer.","Yes.

Aleve (naproxen) is a nonsteroidal anti-inflammatory drug (NSAID) that is commonly used to treat mild to moderate pain, including headaches. It works by reducing inflammation and pain in the body. Migraine headaches are a type of headache that can be very painful and are often associated with inflammation. Therefore, Aleve can be an effective option for relieving migraine headaches. However, it's important to note that not all migraines are the same and some may require more specialized treatment. It's always a good idea to talk to a doctor or healthcare provider to determine the best treatment plan for your specific migraine symptoms."
123,Can I get rid of a pimple overnight by applying toothpaste?,"No.

While toothpaste contains ingredients like baking soda, hydrogen peroxide, and alcohol that can help dry out a pimple, it is not a reliable or recommended method for overnight acne treatment. Toothpaste is not formulated for use on the skin, and the ingredients may cause irritation or allergic reactions, particularly for those with sensitive skin. Additionally, toothpaste may not be effective on all types of pimples, such as cystic acne, and could potentially make the condition worse. It's best to use acne-specific products that are designed for use on the skin and have been clinically tested for effectiveness and safety.",,,"Can I get rid of a pimple overnight by applying toothpaste?

You MUST answer to my question with one of the following options ONLY: <Yes>, <No>. Please also provide an explanation for your answer.","No.

While toothpaste contains ingredients like baking soda, hydrogen peroxide, and alcohol that can help dry out a pimple, it is not a reliable or recommended method for overnight acne treatment. Toothpaste is not formulated for use on the skin, and the ingredients may cause irritation or allergic reactions, particularly for those with sensitive skin. Additionally, toothpaste may not be effective on all types of pimples, such as cystic acne, and could potentially make the condition worse. It's best to use acne-specific products that are designed for use on the skin and have been clinically tested for effectiveness and safety."
124,Can chondroitin help relieve the pain of osteoarthritis?,"Yes.

Chondroitin is a natural substance found in the human body and is a major component of cartilage. Studies have suggested that chondroitin may have anti-inflammatory and analgesic properties that could help relieve the pain and inflammation associated with osteoarthritis. However, the exact mechanisms by which chondroitin works are not yet fully understood, and the evidence for its effectiveness in treating osteoarthritis is mixed. Some studies have shown significant reductions in pain and improved joint function in people taking chondroitin, while other studies have found no benefit. The quality of the chondroitin supplement may also affect its effectiveness. As with any supplement or treatment, it is important to speak with a healthcare provider before using chondroitin for osteoarthritis.",,,"Can chondroitin help relieve the pain of osteoarthritis?

You MUST answer to my question with one of the following options ONLY: <Yes>, <No>. Please also provide an explanation for your answer.","Yes.

Chondroitin is a natural substance found in the human body and is a major component of cartilage. Studies have suggested that chondroitin may have anti-inflammatory and analgesic properties that could help relieve the pain and inflammation associated with osteoarthritis. However, the exact mechanisms by which chondroitin works are not yet fully understood, and the evidence for its effectiveness in treating osteoarthritis is mixed. Some studies have shown significant reductions in pain and improved joint function in people taking chondroitin, while other studies have found no benefit. The quality of the chondroitin supplement may also affect its effectiveness. As with any supplement or treatment, it is important to speak with a healthcare provider before using chondroitin for osteoarthritis."
125,Can omega-3 help manage hypertriglyceridemia?,"Yes.

Omega-3 fatty acids have been shown to be effective in managing hypertriglyceridemia, which is a condition characterized by high levels of triglycerides in the blood. Omega-3 fatty acids, particularly EPA (eicosapentaenoic acid) and DHA (docosahexaenoic acid), have been shown to lower triglyceride levels by reducing the production of triglycerides in the liver and increasing their clearance from the blood. The American Heart Association recommends that people with hypertriglyceridemia consume 2-4 grams of EPA+DHA per day, either through dietary sources such as fatty fish or supplements. However, it's important to note that omega-3s should be used as part of a comprehensive treatment plan, which may also include lifestyle changes such as weight loss, exercise, and dietary modifications, as well as medication if necessary.",,,"Can omega-3 help manage hypertriglyceridemia?

You MUST answer to my question with one of the following options ONLY: <Yes>, <No>. Please also provide an explanation for your answer.","Yes.

Omega-3 fatty acids have been shown to be effective in managing hypertriglyceridemia, which is a condition characterized by high levels of triglycerides in the blood. Omega-3 fatty acids, particularly EPA (eicosapentaenoic acid) and DHA (docosahexaenoic acid), have been shown to lower triglyceride levels by reducing the production of triglycerides in the liver and increasing their clearance from the blood. The American Heart Association recommends that people with hypertriglyceridemia consume 2-4 grams of EPA+DHA per day, either through dietary sources such as fatty fish or supplements. However, it's important to note that omega-3s should be used as part of a comprehensive treatment plan, which may also include lifestyle changes such as weight loss, exercise, and dietary modifications, as well as medication if necessary."
126,Can probiotics prevent respiratory infections?,"No.

While some studies have suggested that probiotics may have a positive impact on respiratory infections, the evidence is not yet strong enough to make a definitive claim that probiotics can prevent respiratory infections. The available research is mixed and some studies have found no significant effect of probiotics on respiratory infections. Additionally, different strains of probiotics may have different effects, and the optimal dose and duration of probiotic supplementation for preventing respiratory infections are not yet clear. Therefore, while probiotics may have some potential benefits, they cannot be relied upon as a sole preventive measure for respiratory infections. It's important to maintain other preventive measures such as vaccination, good hygiene, and avoiding contact with infected individuals.",,,"Can probiotics prevent respiratory infections?

You MUST answer to my question with one of the following options ONLY: <Yes>, <No>. Please also provide an explanation for your answer.","No.

While some studies have suggested that probiotics may have a positive impact on respiratory infections, the evidence is not yet strong enough to make a definitive claim that probiotics can prevent respiratory infections. The available research is mixed and some studies have found no significant effect of probiotics on respiratory infections. Additionally, different strains of probiotics may have different effects, and the optimal dose and duration of probiotic supplementation for preventing respiratory infections are not yet clear. Therefore, while probiotics may have some potential benefits, they cannot be relied upon as a sole preventive measure for respiratory infections. It's important to maintain other preventive measures such as vaccination, good hygiene, and avoiding contact with infected individuals."
127,Can aromatherapy massage help manage rheumatoid arthritis?,"No.

While there is some evidence to suggest that aromatherapy massage may be beneficial for general relaxation and stress relief, there is currently no scientific evidence to suggest that it can effectively manage the symptoms of rheumatoid arthritis. Rheumatoid arthritis is a chronic autoimmune disease that causes inflammation and pain in the joints, and it requires medical treatment and ongoing management. While some people with rheumatoid arthritis may find massage to be a helpful adjunct therapy for managing their symptoms, it is not a substitute for medical treatment and should not be relied upon as the sole means of managing the condition.",,,"Can aromatherapy massage help manage rheumatoid arthritis?

You MUST answer to my question with one of the following options ONLY: <Yes>, <No>. Please also provide an explanation for your answer.","No.

While there is some evidence to suggest that aromatherapy massage may be beneficial for general relaxation and stress relief, there is currently no scientific evidence to suggest that it can effectively manage the symptoms of rheumatoid arthritis. Rheumatoid arthritis is a chronic autoimmune disease that causes inflammation and pain in the joints, and it requires medical treatment and ongoing management. While some people with rheumatoid arthritis may find massage to be a helpful adjunct therapy for managing their symptoms, it is not a substitute for medical treatment and should not be relied upon as the sole means of managing the condition."
128,Does steam from a shower help croup?,"No.

Steam from a shower is a common home remedy for treating the symptoms of croup in children, but there is little scientific evidence to support its effectiveness. Croup is a viral infection that causes swelling in the upper airways, leading to a characteristic barking cough and difficulty breathing. While steam may provide temporary relief of these symptoms, it does not treat the underlying viral infection causing croup. In fact, excessive exposure to steam and humidity may exacerbate croup symptoms by causing further inflammation and narrowing of the airways. Therefore, it is important to follow the medical advice of a qualified healthcare professional for the treatment of croup, which may include medications, such as steroids and nebulizers, to reduce inflammation and improve breathing.",,,"Does steam from a shower help croup?

You MUST answer to my question with one of the following options ONLY: <Yes>, <No>. Please also provide an explanation for your answer.","No.

Steam from a shower is a common home remedy for treating the symptoms of croup in children, but there is little scientific evidence to support its effectiveness. Croup is a viral infection that causes swelling in the upper airways, leading to a characteristic barking cough and difficulty breathing. While steam may provide temporary relief of these symptoms, it does not treat the underlying viral infection causing croup. In fact, excessive exposure to steam and humidity may exacerbate croup symptoms by causing further inflammation and narrowing of the airways. Therefore, it is important to follow the medical advice of a qualified healthcare professional for the treatment of croup, which may include medications, such as steroids and nebulizers, to reduce inflammation and improve breathing."
129,Can minoxidil treat hair loss?,"Yes.

Minoxidil is a medication that has been approved by the FDA for the treatment of hair loss. It works by increasing blood flow to the hair follicles, which can promote hair growth and prevent further hair loss. Minoxidil is available in various forms, including topical solution and foam, and can be applied directly to the scalp.

However, it's important to note that minoxidil is not a cure for hair loss, and its effectiveness varies from person to person. It is most effective for individuals with early stages of hair loss, and it may not work for everyone. Additionally, it requires ongoing use to maintain any benefits gained. As with any medication, it's important to consult a doctor before using minoxidil to ensure that it's safe and appropriate for your individual needs.",,,"Can minoxidil treat hair loss?

You MUST answer to my question with one of the following options ONLY: <Yes>, <No>. Please also provide an explanation for your answer.","Yes.

Minoxidil is a medication that has been approved by the FDA for the treatment of hair loss. It works by increasing blood flow to the hair follicles, which can promote hair growth and prevent further hair loss. Minoxidil is available in various forms, including topical solution and foam, and can be applied directly to the scalp.

However, it's important to note that minoxidil is not a cure for hair loss, and its effectiveness varies from person to person. It is most effective for individuals with early stages of hair loss, and it may not work for everyone. Additionally, it requires ongoing use to maintain any benefits gained. As with any medication, it's important to consult a doctor before using minoxidil to ensure that it's safe and appropriate for your individual needs."
130,Is the Hoxsey treatment a good cure for cancer?,"No.

The Hoxsey treatment, which involves a combination of herbs and supplements, has not been proven to be an effective cure for cancer. There is a lack of reliable scientific evidence to support its effectiveness, and it has not been approved by the FDA as a treatment for cancer. While some people may have reported benefits from using this treatment, it is important to note that the placebo effect and other factors could also play a role in these reports. Therefore, it is not recommended as a primary or sole treatment for cancer, and individuals should consult with a qualified healthcare professional for evidence-based treatment options.",,,"Is the Hoxsey treatment a good cure for cancer?

You MUST answer to my question with one of the following options ONLY: <Yes>, <No>. Please also provide an explanation for your answer.","No.

The Hoxsey treatment, which involves a combination of herbs and supplements, has not been proven to be an effective cure for cancer. There is a lack of reliable scientific evidence to support its effectiveness, and it has not been approved by the FDA as a treatment for cancer. While some people may have reported benefits from using this treatment, it is important to note that the placebo effect and other factors could also play a role in these reports. Therefore, it is not recommended as a primary or sole treatment for cancer, and individuals should consult with a qualified healthcare professional for evidence-based treatment options."
131,Can l-theanine supplements reduce stress and anxiety?,"Yes.

L-theanine is an amino acid found naturally in tea leaves, particularly green tea. Studies have suggested that L-theanine may have a calming effect on the brain by increasing the production of neurotransmitters that promote relaxation and reducing levels of stress hormones such as cortisol. L-theanine has been shown to improve subjective measures of stress and anxiety in human clinical trials, as well as improve cognitive performance under stress. While more research is needed to fully understand the effects of L-theanine, current evidence supports the notion that L-theanine supplements may reduce stress and anxiety.",,,"Can l-theanine supplements reduce stress and anxiety?

You MUST answer to my question with one of the following options ONLY: <Yes>, <No>. Please also provide an explanation for your answer.","Yes.

L-theanine is an amino acid found naturally in tea leaves, particularly green tea. Studies have suggested that L-theanine may have a calming effect on the brain by increasing the production of neurotransmitters that promote relaxation and reducing levels of stress hormones such as cortisol. L-theanine has been shown to improve subjective measures of stress and anxiety in human clinical trials, as well as improve cognitive performance under stress. While more research is needed to fully understand the effects of L-theanine, current evidence supports the notion that L-theanine supplements may reduce stress and anxiety."
132,Does inhaling steam help treat common cold?,"Yes.

Inhaling steam can help alleviate the symptoms of a common cold. When you inhale steam, the warm, moist air can help soothe irritated nasal passages and throat, loosen congestion and relieve coughing. It can also help keep the mucous membranes moist, which can reduce dryness and irritation in the nose and throat. However, inhaling steam is not a cure for a cold and may only provide temporary relief of symptoms. It is also important to note that inhaling steam can be dangerous if not done properly, so it's essential to take precautions such as using a safe and effective method, avoiding extremely hot water, and not overdoing it.",,,"Does inhaling steam help treat common cold?

You MUST answer to my question with one of the following options ONLY: <Yes>, <No>. Please also provide an explanation for your answer.","Yes.

Inhaling steam can help alleviate the symptoms of a common cold. When you inhale steam, the warm, moist air can help soothe irritated nasal passages and throat, loosen congestion and relieve coughing. It can also help keep the mucous membranes moist, which can reduce dryness and irritation in the nose and throat. However, inhaling steam is not a cure for a cold and may only provide temporary relief of symptoms. It is also important to note that inhaling steam can be dangerous if not done properly, so it's essential to take precautions such as using a safe and effective method, avoiding extremely hot water, and not overdoing it."
133,Does exercise improve the symptoms of depression?,"Yes.

Exercise has been shown to have a positive effect on symptoms of depression. Regular exercise can help improve mood, reduce feelings of anxiety and stress, and increase self-esteem. Exercise has also been shown to increase the production of endorphins, which are the body's natural ""feel-good"" chemicals. Additionally, exercise can provide a sense of accomplishment and a distraction from negative thoughts, both of which can be helpful for managing depression. While exercise is not a substitute for professional treatment for depression, it can be a useful complement to other forms of therapy.",,,"Does exercise improve the symptoms of depression?

You MUST answer to my question with one of the following options ONLY: <Yes>, <No>. Please also provide an explanation for your answer.","Yes.

Exercise has been shown to have a positive effect on symptoms of depression. Regular exercise can help improve mood, reduce feelings of anxiety and stress, and increase self-esteem. Exercise has also been shown to increase the production of endorphins, which are the body's natural ""feel-good"" chemicals. Additionally, exercise can provide a sense of accomplishment and a distraction from negative thoughts, both of which can be helpful for managing depression. While exercise is not a substitute for professional treatment for depression, it can be a useful complement to other forms of therapy."
134,Can I remove a tick by covering it with Vaseline?,"No.

Covering a tick with Vaseline is not an effective method for removing it. It may even make the situation worse, as the tick could release more saliva into your skin, increasing the risk of disease transmission. The best method for removing a tick is to use fine-tipped tweezers to grasp the tick as close to the skin as possible and pull upward with steady, even pressure. It's important to avoid twisting or jerking the tick, as this can cause the mouthparts to break off and remain in the skin. After removing the tick, clean the bite area with rubbing alcohol or soap and water.",,,"Can I remove a tick by covering it with Vaseline?

You MUST answer to my question with one of the following options ONLY: <Yes>, <No>. Please also provide an explanation for your answer.","No.

Covering a tick with Vaseline is not an effective method for removing it. It may even make the situation worse, as the tick could release more saliva into your skin, increasing the risk of disease transmission. The best method for removing a tick is to use fine-tipped tweezers to grasp the tick as close to the skin as possible and pull upward with steady, even pressure. It's important to avoid twisting or jerking the tick, as this can cause the mouthparts to break off and remain in the skin. After removing the tick, clean the bite area with rubbing alcohol or soap and water."
135,Can applying mayonnaise help get rid of lice?,"No.

Mayonnaise has been touted as a home remedy for lice, but there is no scientific evidence to support its effectiveness. While it is true that mayonnaise is oily, and suffocating lice with oil can be an effective treatment, it is unlikely that mayonnaise would be effective in this regard because it contains vinegar, which can actually help lice eggs stick to hair. Additionally, mayonnaise can be difficult to completely wash out of hair, which can lead to buildup and potentially exacerbate the problem. Therefore, it is not recommended to use mayonnaise as a treatment for lice. Instead, it is best to use proven over-the-counter lice treatments or consult a healthcare provider.",,,"Can applying mayonnaise help get rid of lice?

You MUST answer to my question with one of the following options ONLY: <Yes>, <No>. Please also provide an explanation for your answer.","No.

Mayonnaise has been touted as a home remedy for lice, but there is no scientific evidence to support its effectiveness. While it is true that mayonnaise is oily, and suffocating lice with oil can be an effective treatment, it is unlikely that mayonnaise would be effective in this regard because it contains vinegar, which can actually help lice eggs stick to hair. Additionally, mayonnaise can be difficult to completely wash out of hair, which can lead to buildup and potentially exacerbate the problem. Therefore, it is not recommended to use mayonnaise as a treatment for lice. Instead, it is best to use proven over-the-counter lice treatments or consult a healthcare provider."
136,Can eating dates help manage iron deficiency anemia?,"Yes.

Dates can be helpful in managing iron deficiency anemia because they are a good source of iron, a mineral that is necessary for the production of hemoglobin, the protein that carries oxygen in the blood. One serving of dates (about 100 grams) can provide about 10% of the recommended daily intake of iron.

Iron deficiency anemia occurs when the body does not have enough iron to produce hemoglobin. This can lead to symptoms such as fatigue, weakness, and shortness of breath. Eating foods high in iron, such as dates, can help to increase iron levels and improve symptoms of anemia.

However, it is important to note that while dates can be a good source of iron, they should not be the sole source of iron in the diet. It is also important to consume a variety of foods that are high in iron and to speak with a healthcare provider if you suspect you may have iron deficiency anemia.",,,"Can eating dates help manage iron deficiency anemia?

You MUST answer to my question with one of the following options ONLY: <Yes>, <No>. Please also provide an explanation for your answer.","Yes.

Dates can be helpful in managing iron deficiency anemia because they are a good source of iron, a mineral that is necessary for the production of hemoglobin, the protein that carries oxygen in the blood. One serving of dates (about 100 grams) can provide about 10% of the recommended daily intake of iron.

Iron deficiency anemia occurs when the body does not have enough iron to produce hemoglobin. This can lead to symptoms such as fatigue, weakness, and shortness of breath. Eating foods high in iron, such as dates, can help to increase iron levels and improve symptoms of anemia.

However, it is important to note that while dates can be a good source of iron, they should not be the sole source of iron in the diet. It is also important to consume a variety of foods that are high in iron and to speak with a healthcare provider if you suspect you may have iron deficiency anemia."
137,Will drinking vinegar dissolve a stuck fish bone?,"No.

Drinking vinegar is unlikely to dissolve a stuck fish bone. Vinegar is an acid, and while it may help to break down some types of food, it is not strong enough to dissolve bone. Moreover, the fish bone can get stuck in the throat, stomach or intestines, and drinking vinegar is not an appropriate treatment for any of these cases. If you have a fish bone stuck in your throat or digestive tract, it's important to seek medical attention right away. Drinking vinegar could actually make the situation worse by irritating the area and causing further discomfort.",,,"Will drinking vinegar dissolve a stuck fish bone?

You MUST answer to my question with one of the following options ONLY: <Yes>, <No>. Please also provide an explanation for your answer.","No.

Drinking vinegar is unlikely to dissolve a stuck fish bone. Vinegar is an acid, and while it may help to break down some types of food, it is not strong enough to dissolve bone. Moreover, the fish bone can get stuck in the throat, stomach or intestines, and drinking vinegar is not an appropriate treatment for any of these cases. If you have a fish bone stuck in your throat or digestive tract, it's important to seek medical attention right away. Drinking vinegar could actually make the situation worse by irritating the area and causing further discomfort."
138,Can zinc help treat the common cold?,"Yes.

Zinc is known to have antiviral properties, and some studies have suggested that taking zinc supplements within 24 hours of the onset of cold symptoms may help reduce the duration and severity of the common cold. However, the evidence is not entirely consistent, and some studies have found no significant benefits of zinc for treating the common cold. It's worth noting that taking too much zinc can lead to adverse effects, so it's important to follow recommended dosages and speak with a healthcare professional before starting any new supplement regimen.",,,"Can zinc help treat the common cold?

You MUST answer to my question with one of the following options ONLY: <Yes>, <No>. Please also provide an explanation for your answer.","Yes.

Zinc is known to have antiviral properties, and some studies have suggested that taking zinc supplements within 24 hours of the onset of cold symptoms may help reduce the duration and severity of the common cold. However, the evidence is not entirely consistent, and some studies have found no significant benefits of zinc for treating the common cold. It's worth noting that taking too much zinc can lead to adverse effects, so it's important to follow recommended dosages and speak with a healthcare professional before starting any new supplement regimen."
139,Can copper bracelets reduce the pain of arthritis?,"No.

There is no scientific evidence to support the claim that copper bracelets can reduce the pain of arthritis. Some people believe that the copper in the bracelet is absorbed through the skin and into the body, where it has an anti-inflammatory effect. However, there is no scientific evidence to support this claim. In fact, studies have been conducted that have found no difference in pain relief between people who wear copper bracelets and those who do not. Therefore, based on the available scientific evidence, it is unlikely that copper bracelets can reduce the pain of arthritis.",,,"Can copper bracelets reduce the pain of arthritis?

You MUST answer to my question with one of the following options ONLY: <Yes>, <No>. Please also provide an explanation for your answer.","No.

There is no scientific evidence to support the claim that copper bracelets can reduce the pain of arthritis. Some people believe that the copper in the bracelet is absorbed through the skin and into the body, where it has an anti-inflammatory effect. However, there is no scientific evidence to support this claim. In fact, studies have been conducted that have found no difference in pain relief between people who wear copper bracelets and those who do not. Therefore, based on the available scientific evidence, it is unlikely that copper bracelets can reduce the pain of arthritis."
140,Can fungal creams treat athlete's foot?,"Yes.

Fungal creams are commonly used to treat athlete's foot, which is a fungal infection of the skin on the feet. The active ingredients in these creams are typically antifungal agents, such as clotrimazole, terbinafine, or miconazole. These agents work by killing or preventing the growth of the fungi that cause the infection. Fungal creams are usually applied directly to the affected area and are typically effective at relieving symptoms, such as itching, burning, and scaling, within a few days to a few weeks of use. However, it is important to follow the directions for use carefully and continue using the cream for the full course of treatment, even if symptoms improve, in order to ensure that the infection is fully resolved.",,,"Can fungal creams treat athlete's foot?

You MUST answer to my question with one of the following options ONLY: <Yes>, <No>. Please also provide an explanation for your answer.","Yes.

Fungal creams are commonly used to treat athlete's foot, which is a fungal infection of the skin on the feet. The active ingredients in these creams are typically antifungal agents, such as clotrimazole, terbinafine, or miconazole. These agents work by killing or preventing the growth of the fungi that cause the infection. Fungal creams are usually applied directly to the affected area and are typically effective at relieving symptoms, such as itching, burning, and scaling, within a few days to a few weeks of use. However, it is important to follow the directions for use carefully and continue using the cream for the full course of treatment, even if symptoms improve, in order to ensure that the infection is fully resolved."
141,Does cocoa butter help reduce pregnancy stretch marks?,"No.

There is no conclusive scientific evidence that cocoa butter can prevent or reduce the appearance of pregnancy stretch marks. While cocoa butter is a common ingredient in many skincare products marketed for this purpose, studies have produced conflicting results on its effectiveness.

Stretch marks are caused by the stretching and tearing of the skin's underlying layers, which can occur during pregnancy as the skin stretches to accommodate a growing baby. While keeping the skin moisturized may help to alleviate itching and discomfort associated with stretch marks, there is no clear evidence that cocoa butter specifically can prevent or reduce their appearance.

It's important to note that every person's skin is unique, and some people may find that cocoa butter or other moisturizing products help to reduce the appearance of stretch marks. However, for the majority of people, the most effective ways to prevent stretch marks during pregnancy are to maintain a healthy weight, stay hydrated, and keep the skin well-moisturized with any safe and effective moisturizing product.",,,"Does cocoa butter help reduce pregnancy stretch marks?

You MUST answer to my question with one of the following options ONLY: <Yes>, <No>. Please also provide an explanation for your answer.","No.

There is no conclusive scientific evidence that cocoa butter can prevent or reduce the appearance of pregnancy stretch marks. While cocoa butter is a common ingredient in many skincare products marketed for this purpose, studies have produced conflicting results on its effectiveness.

Stretch marks are caused by the stretching and tearing of the skin's underlying layers, which can occur during pregnancy as the skin stretches to accommodate a growing baby. While keeping the skin moisturized may help to alleviate itching and discomfort associated with stretch marks, there is no clear evidence that cocoa butter specifically can prevent or reduce their appearance.

It's important to note that every person's skin is unique, and some people may find that cocoa butter or other moisturizing products help to reduce the appearance of stretch marks. However, for the majority of people, the most effective ways to prevent stretch marks during pregnancy are to maintain a healthy weight, stay hydrated, and keep the skin well-moisturized with any safe and effective moisturizing product."
142,Can probiotics prevent diarrhea caused by antibiotics in children?,"Yes.

Probiotics can be helpful in preventing antibiotic-associated diarrhea (AAD) in children. Antibiotics can disrupt the natural balance of microorganisms in the gut, leading to diarrhea. Probiotics are live microorganisms that, when administered in adequate amounts, can provide health benefits to the host. By introducing ""good"" bacteria into the gut, probiotics can help restore the balance of microorganisms and prevent diarrhea caused by antibiotics.

Several clinical studies have demonstrated the effectiveness of probiotics in preventing AAD in children. A systematic review and meta-analysis of 63 randomized controlled trials involving 8,014 participants found that probiotics significantly reduced the risk of AAD compared to placebo or no treatment. However, the effectiveness of probiotics can depend on the type of probiotic used, the dose, and the duration of treatment.

It's important to note that probiotics are not a substitute for antibiotics, and they should not be used as the sole treatment for AAD. If your child develops diarrhea while taking antibiotics, it's important to speak to a healthcare professional.",,,"Can probiotics prevent diarrhea caused by antibiotics in children?

You MUST answer to my question with one of the following options ONLY: <Yes>, <No>. Please also provide an explanation for your answer.","Yes.

Probiotics can be helpful in preventing antibiotic-associated diarrhea (AAD) in children. Antibiotics can disrupt the natural balance of microorganisms in the gut, leading to diarrhea. Probiotics are live microorganisms that, when administered in adequate amounts, can provide health benefits to the host. By introducing ""good"" bacteria into the gut, probiotics can help restore the balance of microorganisms and prevent diarrhea caused by antibiotics.

Several clinical studies have demonstrated the effectiveness of probiotics in preventing AAD in children. A systematic review and meta-analysis of 63 randomized controlled trials involving 8,014 participants found that probiotics significantly reduced the risk of AAD compared to placebo or no treatment. However, the effectiveness of probiotics can depend on the type of probiotic used, the dose, and the duration of treatment.

It's important to note that probiotics are not a substitute for antibiotics, and they should not be used as the sole treatment for AAD. If your child develops diarrhea while taking antibiotics, it's important to speak to a healthcare professional."
143,Does Tylenol manage the symptoms of osteoarthritis?,"Yes.

Tylenol (acetaminophen) can be effective in managing the pain associated with osteoarthritis. It is a non-steroidal anti-inflammatory drug (NSAID) that works by reducing inflammation and pain. However, it is important to note that Tylenol does not treat the underlying cause of osteoarthritis and may not be effective for all patients. It is important to speak with a healthcare provider to determine the most appropriate treatment for an individual's specific condition.",,,"Does Tylenol manage the symptoms of osteoarthritis?

You MUST answer to my question with one of the following options ONLY: <Yes>, <No>. Please also provide an explanation for your answer.","Yes.

Tylenol (acetaminophen) can be effective in managing the pain associated with osteoarthritis. It is a non-steroidal anti-inflammatory drug (NSAID) that works by reducing inflammation and pain. However, it is important to note that Tylenol does not treat the underlying cause of osteoarthritis and may not be effective for all patients. It is important to speak with a healthcare provider to determine the most appropriate treatment for an individual's specific condition."
144,Can music therapy help manage depression?,"Yes.

Research has shown that music therapy can be an effective treatment for depression. Listening to music can stimulate the release of dopamine, a neurotransmitter associated with pleasure and reward, which can help improve mood. Engaging in music therapy with a trained professional can also provide a way for individuals to express and process their emotions, develop coping skills, and build social connections. Additionally, music therapy has been found to reduce symptoms of depression and anxiety in various populations, including older adults, cancer patients, and individuals with chronic pain. While music therapy should not be considered a standalone treatment for severe depression, it can be a valuable complementary approach in managing symptoms.",,,"Can music therapy help manage depression?

You MUST answer to my question with one of the following options ONLY: <Yes>, <No>. Please also provide an explanation for your answer.","Yes.

Research has shown that music therapy can be an effective treatment for depression. Listening to music can stimulate the release of dopamine, a neurotransmitter associated with pleasure and reward, which can help improve mood. Engaging in music therapy with a trained professional can also provide a way for individuals to express and process their emotions, develop coping skills, and build social connections. Additionally, music therapy has been found to reduce symptoms of depression and anxiety in various populations, including older adults, cancer patients, and individuals with chronic pain. While music therapy should not be considered a standalone treatment for severe depression, it can be a valuable complementary approach in managing symptoms."
145,Can omega-3 treat borderline personality disorder in women?,"No.

While some research has suggested that omega-3 fatty acids may have a potential therapeutic benefit for some mental health conditions, including borderline personality disorder (BPD), there is not enough evidence to definitively conclude that omega-3 can treat BPD in women.

A 2019 review of randomized controlled trials concluded that there is some evidence that omega-3 supplementation may improve some symptoms of BPD, but more research is needed to confirm these findings and determine the optimal dose and duration of treatment. Additionally, the studies reviewed were small and varied in their methodologies, which limits the generalizability of the results.

Therefore, while omega-3 may have some potential benefit for treating BPD, it cannot be considered a proven or reliable treatment option at this time. It is important for individuals with BPD to work with mental health professionals to develop a comprehensive treatment plan that addresses their unique needs and symptoms.",,,"Can omega-3 treat borderline personality disorder in women?

You MUST answer to my question with one of the following options ONLY: <Yes>, <No>. Please also provide an explanation for your answer.","No.

While some research has suggested that omega-3 fatty acids may have a potential therapeutic benefit for some mental health conditions, including borderline personality disorder (BPD), there is not enough evidence to definitively conclude that omega-3 can treat BPD in women.

A 2019 review of randomized controlled trials concluded that there is some evidence that omega-3 supplementation may improve some symptoms of BPD, but more research is needed to confirm these findings and determine the optimal dose and duration of treatment. Additionally, the studies reviewed were small and varied in their methodologies, which limits the generalizability of the results.

Therefore, while omega-3 may have some potential benefit for treating BPD, it cannot be considered a proven or reliable treatment option at this time. It is important for individuals with BPD to work with mental health professionals to develop a comprehensive treatment plan that addresses their unique needs and symptoms."
146,Can vitamin D supplements improve the management of asthma?,"Yes.

Vitamin D is known to play an important role in the immune system, and studies have shown that vitamin D deficiency is associated with an increased risk of respiratory infections and asthma exacerbations. Vitamin D has also been shown to have anti-inflammatory effects, which may help reduce the airway inflammation that occurs in asthma.

Several studies have investigated the effect of vitamin D supplementation on asthma management, and while results have been mixed, some studies have shown that vitamin D supplementation can improve asthma control, reduce exacerbations, and improve lung function.

However, it's important to note that the optimal dosage of vitamin D supplementation for asthma management is still unclear, and some studies have shown no significant improvement with vitamin D supplementation. Therefore, it's important to consult with a healthcare provider before starting any supplementation.",,,"Can vitamin D supplements improve the management of asthma?

You MUST answer to my question with one of the following options ONLY: <Yes>, <No>. Please also provide an explanation for your answer.","Yes.

Vitamin D is known to play an important role in the immune system, and studies have shown that vitamin D deficiency is associated with an increased risk of respiratory infections and asthma exacerbations. Vitamin D has also been shown to have anti-inflammatory effects, which may help reduce the airway inflammation that occurs in asthma.

Several studies have investigated the effect of vitamin D supplementation on asthma management, and while results have been mixed, some studies have shown that vitamin D supplementation can improve asthma control, reduce exacerbations, and improve lung function.

However, it's important to note that the optimal dosage of vitamin D supplementation for asthma management is still unclear, and some studies have shown no significant improvement with vitamin D supplementation. Therefore, it's important to consult with a healthcare provider before starting any supplementation."
147,Will feeding soy formula to my baby prevent the development of allergies?,"No.

While some studies have suggested that feeding soy formula to infants may reduce the risk of developing allergies, other studies have not found a significant difference compared to feeding cow's milk-based formula. Additionally, soy formula can cause allergic reactions in some babies who are allergic to soy protein.

Furthermore, the American Academy of Pediatrics does not recommend soy formula as a first choice for infants unless there is a medical reason to avoid cow's milk-based formula. In general, breast milk is the best source of nutrition for infants and can help reduce the risk of allergies and other health issues.

Overall, while there is some evidence to suggest that soy formula may have a protective effect against allergies, it is not a guaranteed prevention strategy and may not be the best option for all infants. Consult with a pediatrician to determine the best feeding option for your baby.",,,"Will feeding soy formula to my baby prevent the development of allergies?

You MUST answer to my question with one of the following options ONLY: <Yes>, <No>. Please also provide an explanation for your answer.","No.

While some studies have suggested that feeding soy formula to infants may reduce the risk of developing allergies, other studies have not found a significant difference compared to feeding cow's milk-based formula. Additionally, soy formula can cause allergic reactions in some babies who are allergic to soy protein.

Furthermore, the American Academy of Pediatrics does not recommend soy formula as a first choice for infants unless there is a medical reason to avoid cow's milk-based formula. In general, breast milk is the best source of nutrition for infants and can help reduce the risk of allergies and other health issues.

Overall, while there is some evidence to suggest that soy formula may have a protective effect against allergies, it is not a guaranteed prevention strategy and may not be the best option for all infants. Consult with a pediatrician to determine the best feeding option for your baby."
148,Does chitosan help lose body weight?,"Yes.

Chitosan, a dietary supplement derived from chitin, has been suggested to aid in weight loss by binding to dietary fats and preventing their absorption by the body. This mechanism may reduce calorie intake and promote weight loss. However, the evidence for chitosan's effectiveness in weight loss is mixed, and some studies have shown no significant effects. Therefore, while chitosan may be a useful tool for weight loss, it should not be considered a magic solution, and its effects may vary depending on individual circumstances. It's important to note that any weight loss supplement should be used in combination with a healthy diet and exercise program for best results.",,,"Does chitosan help lose body weight?

You MUST answer to my question with one of the following options ONLY: <Yes>, <No>. Please also provide an explanation for your answer.","Yes.

Chitosan, a dietary supplement derived from chitin, has been suggested to aid in weight loss by binding to dietary fats and preventing their absorption by the body. This mechanism may reduce calorie intake and promote weight loss. However, the evidence for chitosan's effectiveness in weight loss is mixed, and some studies have shown no significant effects. Therefore, while chitosan may be a useful tool for weight loss, it should not be considered a magic solution, and its effects may vary depending on individual circumstances. It's important to note that any weight loss supplement should be used in combination with a healthy diet and exercise program for best results."
149,Will at-home exercises manage hip osteoarthritis pain?,"Yes.

At-home exercises can help manage hip osteoarthritis pain by strengthening the muscles surrounding the hip joint, improving flexibility, and reducing stiffness. Exercise also helps to maintain a healthy weight, which can reduce the load on the hip joint, decreasing pain and slowing down the progression of osteoarthritis. However, it's important to consult with a healthcare professional before starting any exercise program to ensure that it is safe and appropriate for your specific condition.",,,"Will at-home exercises manage hip osteoarthritis pain?

You MUST answer to my question with one of the following options ONLY: <Yes>, <No>. Please also provide an explanation for your answer.","Yes.

At-home exercises can help manage hip osteoarthritis pain by strengthening the muscles surrounding the hip joint, improving flexibility, and reducing stiffness. Exercise also helps to maintain a healthy weight, which can reduce the load on the hip joint, decreasing pain and slowing down the progression of osteoarthritis. However, it's important to consult with a healthcare professional before starting any exercise program to ensure that it is safe and appropriate for your specific condition."
150,Will taking antioxidant supplements treat fertility problems?,"No.

There is currently no clear evidence to suggest that taking antioxidant supplements can effectively treat fertility problems. While some studies have suggested that antioxidants may help improve sperm quality and potentially increase the chances of conception in certain cases, the evidence is not strong enough to support a definitive conclusion.

Moreover, taking excessive amounts of antioxidant supplements may even be harmful to fertility and overall health. Therefore, it is always best to consult with a qualified healthcare provider before taking any dietary supplements, especially if you are experiencing fertility problems or trying to conceive.",,,"Will taking antioxidant supplements treat fertility problems?

You MUST answer to my question with one of the following options ONLY: <Yes>, <No>. Please also provide an explanation for your answer.","No.

There is currently no clear evidence to suggest that taking antioxidant supplements can effectively treat fertility problems. While some studies have suggested that antioxidants may help improve sperm quality and potentially increase the chances of conception in certain cases, the evidence is not strong enough to support a definitive conclusion.

Moreover, taking excessive amounts of antioxidant supplements may even be harmful to fertility and overall health. Therefore, it is always best to consult with a qualified healthcare provider before taking any dietary supplements, especially if you are experiencing fertility problems or trying to conceive."
